Unity Editor version:    6000.0.57f1 (b7b9860b7bbd)
Branch:                  6000.0/staging
Build type:              Release
Batch mode:              YES
macOS version:           Version 26.0.1 (Build 25A362)
Darwin version:          25.0.0
Architecture:            arm64
Running under Rosetta:   NO
Available memory:        16384 MB
Using pre-set license

COMMAND LINE ARGUMENTS:
/Applications/Unity/Hub/Editor/6000.0.57f1/Unity.app/Contents/MacOS/Unity
-adb2
-batchMode
-noUpm
-name
AssetImportWorker0
-projectPath
/Users/baejiu/ShootingGame
-logFile
Logs/AssetImportWorker0.log
-srvPort
61864
-job-worker-count
4
-background-job-worker-count
8
-gc-helper-count
1
-name AssetImport
Successfully changed project path to: /Users/baejiu/ShootingGame
/Users/baejiu/ShootingGame
[UnityMemory] Configuration Parameters - Can be set up in boot.config
    "memorysetup-bucket-allocator-granularity=16"
    "memorysetup-bucket-allocator-bucket-count=8"
    "memorysetup-bucket-allocator-block-size=33554432"
    "memorysetup-bucket-allocator-block-count=8"
    "memorysetup-main-allocator-block-size=16777216"
    "memorysetup-thread-allocator-block-size=16777216"
    "memorysetup-gfx-main-allocator-block-size=16777216"
    "memorysetup-gfx-thread-allocator-block-size=16777216"
    "memorysetup-cache-allocator-block-size=4194304"
    "memorysetup-typetree-allocator-block-size=2097152"
    "memorysetup-profiler-bucket-allocator-granularity=16"
    "memorysetup-profiler-bucket-allocator-bucket-count=8"
    "memorysetup-profiler-bucket-allocator-block-size=33554432"
    "memorysetup-profiler-bucket-allocator-block-count=8"
    "memorysetup-profiler-allocator-block-size=16777216"
    "memorysetup-profiler-editor-allocator-block-size=1048576"
    "memorysetup-temp-allocator-size-main=16777216"
    "memorysetup-job-temp-allocator-block-size=2097152"
    "memorysetup-job-temp-allocator-block-size-background=1048576"
    "memorysetup-job-temp-allocator-reduction-small-platforms=262144"
    "memorysetup-allocator-temp-initial-block-size-main=262144"
    "memorysetup-allocator-temp-initial-block-size-worker=262144"
    "memorysetup-temp-allocator-size-background-worker=32768"
    "memorysetup-temp-allocator-size-job-worker=262144"
    "memorysetup-temp-allocator-size-preload-manager=33554432"
    "memorysetup-temp-allocator-size-nav-mesh-worker=65536"
    "memorysetup-temp-allocator-size-audio-worker=65536"
    "memorysetup-temp-allocator-size-cloud-worker=32768"
    "memorysetup-temp-allocator-size-gi-baking-worker=262144"
    "memorysetup-temp-allocator-size-gi-baking-worker=262144"
    "memorysetup-temp-allocator-size-gi-baking-worker=262144"
    "memorysetup-temp-allocator-size-gi-baking-worker=262144"
    "memorysetup-temp-allocator-size-gi-baking-worker=262144"
    "memorysetup-temp-allocator-size-gfx=262144"
Player connection [8490649600]  Target information:

Player connection [8490649600]  * "[IP] 192.168.0.2 [Port] 0 [Flags] 2 [Guid] 2840277132 [EditorId] 2840277132 [Version] 1048832 [Id] OSXEditor(0,MacBook-Air-2.local) [Debug] 1 [PackageName] OSXEditor [ProjectName] Editor" 

Player connection [8490649600] Host joined multi-casting on [225.0.0.222:54997]...
Player connection [8490649600] Host joined alternative multi-casting on [225.0.0.222:34997]...
JobSystem: Creating JobQueue using job-worker-count value 4
Input System module state changed to: Initialized.
[Physics::Module] Initialized fallback backend.
[Physics::Module] Id: 0xdecafbad
Library Redirect Path: Library/
[Physics::Module] Selected backend.
[Physics::Module] Name: PhysX
[Physics::Module] Id: 0xf2b8ea05
[Physics::Module] SDK Version: 4.1.2
[Physics::Module] Integration Version: 1.0.0
[Physics::Module] Threading Mode: Multi-Threaded
Refreshing native plugins compatible for Editor in 1.70 ms, found 2 plugins.
Preloading 0 native plugins for Editor in 0.00 ms.
Initialize engine version: 6000.0.57f1 (b7b9860b7bbd)
[Subsystems] Discovering subsystems at path /Applications/Unity/Hub/Editor/6000.0.57f1/Unity.app/Contents/Resources/UnitySubsystems
[Subsystems] Discovering subsystems at path /Users/baejiu/ShootingGame/Assets
GfxDevice: creating device client; kGfxThreadingModeNonThreaded
 preferred device: Apple M4 (high power)
Metal devices available: 1
0: Apple M4 (high power)
Using device Apple M4 (high power)
Initializing Metal device caps: Apple M4
Initialize mono
Mono path[0] = '/Applications/Unity/Hub/Editor/6000.0.57f1/Unity.app/Contents/Managed'
Mono path[1] = '/Applications/Unity/Hub/Editor/6000.0.57f1/Unity.app/Contents/MonoBleedingEdge/lib/mono/unityjit-macos'
Mono config path = '/Applications/Unity/Hub/Editor/6000.0.57f1/Unity.app/Contents/MonoBleedingEdge/etc'
Using monoOptions --debugger-agent=transport=dt_socket,embedding=1,server=y,suspend=n,address=127.0.0.1:56846
Begin MonoManager ReloadAssembly
Registering precompiled unity dll's ...
Register platform support module: /Applications/Unity/Hub/Editor/6000.0.57f1/Unity.app/Contents/PlaybackEngines/MacStandaloneSupport/UnityEditor.OSXStandalone.Extensions.dll
Register platform support module: /Applications/Unity/Hub/Editor/6000.0.57f1/PlaybackEngines/AndroidPlayer/UnityEditor.Android.Extensions.dll
Registered in 0.001483 seconds.
- Loaded All Assemblies, in  0.404 seconds
Native extension for Android target not found
Android Extension - Scanning For ADB Devices 139 ms
Native extension for OSXStandalone target not found
Mono: successfully reloaded assembly
- Finished resetting the current domain, in  0.585 seconds
Domain Reload Profiling: 989ms
	BeginReloadAssembly (94ms)
		ExecutionOrderSort (0ms)
		DisableScriptedObjects (0ms)
		BackupInstance (0ms)
		ReleaseScriptingObjects (0ms)
		CreateAndSetChildDomain (1ms)
	RebuildCommonClasses (47ms)
	RebuildNativeTypeToScriptingClass (17ms)
	initialDomainReloadingComplete (55ms)
	LoadAllAssembliesAndSetupDomain (190ms)
		LoadAssemblies (93ms)
		RebuildTransferFunctionScriptingTraits (0ms)
		AnalyzeDomain (187ms)
			TypeCache.Refresh (185ms)
				TypeCache.ScanAssembly (169ms)
			BuildScriptInfoCaches (0ms)
			ResolveRequiredComponents (0ms)
	FinalizeReload (586ms)
		ReleaseScriptCaches (0ms)
		RebuildScriptCaches (0ms)
		SetupLoadedEditorAssemblies (545ms)
			LogAssemblyErrors (0ms)
			InitializePlatformSupportModulesInManaged (251ms)
			SetLoadedEditorAssemblies (5ms)
			BeforeProcessingInitializeOnLoad (83ms)
			ProcessInitializeOnLoadAttributes (141ms)
			ProcessInitializeOnLoadMethodAttributes (66ms)
			AfterProcessingInitializeOnLoad (0ms)
			EditorAssembliesLoaded (0ms)
		ExecutionOrderSort2 (0ms)
		AwakeInstancesAfterBackupRestoration (0ms)
========================================================================
Worker process is ready to serve import requests
Import Worker Mode flag is 0x00
Begin MonoManager ReloadAssembly
- Loaded All Assemblies, in  0.614 seconds
Refreshing native plugins compatible for Editor in 0.46 ms, found 2 plugins.
Native extension for Android target not found
Native extension for OSXStandalone target not found
Package Manager log level set to [2]
[Package Manager] Failed to launch server process. Reason: Unity was launched with the -noUpm command-line argument
[Package Manager] Unable to send message (not connected to server process).
[Package Manager] Cannot connect to Unity Package Manager local server
Mono: successfully reloaded assembly
- Finished resetting the current domain, in  0.685 seconds
Domain Reload Profiling: 1299ms
	BeginReloadAssembly (161ms)
		ExecutionOrderSort (0ms)
		DisableScriptedObjects (6ms)
		BackupInstance (0ms)
		ReleaseScriptingObjects (0ms)
		CreateAndSetChildDomain (35ms)
	RebuildCommonClasses (38ms)
	RebuildNativeTypeToScriptingClass (13ms)
	initialDomainReloadingComplete (32ms)
	LoadAllAssembliesAndSetupDomain (369ms)
		LoadAssemblies (240ms)
		RebuildTransferFunctionScriptingTraits (0ms)
		AnalyzeDomain (197ms)
			TypeCache.Refresh (167ms)
				TypeCache.ScanAssembly (148ms)
			BuildScriptInfoCaches (23ms)
			ResolveRequiredComponents (5ms)
	FinalizeReload (686ms)
		ReleaseScriptCaches (0ms)
		RebuildScriptCaches (0ms)
		SetupLoadedEditorAssemblies (573ms)
			LogAssemblyErrors (0ms)
			InitializePlatformSupportModulesInManaged (9ms)
			SetLoadedEditorAssemblies (7ms)
			BeforeProcessingInitializeOnLoad (93ms)
			ProcessInitializeOnLoadAttributes (431ms)
			ProcessInitializeOnLoadMethodAttributes (31ms)
			AfterProcessingInitializeOnLoad (1ms)
			EditorAssembliesLoaded (0ms)
		ExecutionOrderSort2 (0ms)
		AwakeInstancesAfterBackupRestoration (3ms)
Launching external process: /Applications/Unity/Hub/Editor/6000.0.57f1/Unity.app/Contents/Tools/UnityShaderCompiler
Launched and connected shader compiler UnityShaderCompiler after 0.05 seconds
Refreshing native plugins compatible for Editor in 0.43 ms, found 2 plugins.
Preloading 0 native plugins for Editor in 0.00 ms.
Unloading 0 Unused Serialized files (Serialized files now loaded: 0)
Unloading 3847 unused Assets / (0.9 MB). Loaded Objects now: 4343.
Memory consumption went from 85.2 MB to 84.3 MB.
Total: 8.301500 ms (FindLiveObjects: 0.269708 ms CreateObjectMapping: 0.129083 ms MarkObjects: 7.248375 ms  DeleteObjects: 0.653833 ms)

========================================================================
Received Prepare
Begin MonoManager ReloadAssembly
Thread 0x172193000 may have been prematurely finalized
- Loaded All Assemblies, in  0.582 seconds
Refreshing native plugins compatible for Editor in 0.39 ms, found 2 plugins.
Native extension for Android target not found
Native extension for OSXStandalone target not found
[Package Manager] Failed to launch server process. Reason: Unity was launched with the -noUpm command-line argument
[Package Manager] Unable to send message (not connected to server process).
[Package Manager] Cannot connect to Unity Package Manager local server
Mono: successfully reloaded assembly
- Finished resetting the current domain, in  0.503 seconds
Domain Reload Profiling: 1087ms
	BeginReloadAssembly (243ms)
		ExecutionOrderSort (0ms)
		DisableScriptedObjects (7ms)
		BackupInstance (0ms)
		ReleaseScriptingObjects (0ms)
		CreateAndSetChildDomain (118ms)
	RebuildCommonClasses (34ms)
	RebuildNativeTypeToScriptingClass (12ms)
	initialDomainReloadingComplete (18ms)
	LoadAllAssembliesAndSetupDomain (276ms)
		LoadAssemblies (214ms)
		RebuildTransferFunctionScriptingTraits (0ms)
		AnalyzeDomain (122ms)
			TypeCache.Refresh (13ms)
				TypeCache.ScanAssembly (0ms)
			BuildScriptInfoCaches (102ms)
			ResolveRequiredComponents (4ms)
	FinalizeReload (503ms)
		ReleaseScriptCaches (0ms)
		RebuildScriptCaches (0ms)
		SetupLoadedEditorAssemblies (400ms)
			LogAssemblyErrors (0ms)
			InitializePlatformSupportModulesInManaged (8ms)
			SetLoadedEditorAssemblies (3ms)
			BeforeProcessingInitializeOnLoad (81ms)
			ProcessInitializeOnLoadAttributes (289ms)
			ProcessInitializeOnLoadMethodAttributes (19ms)
			AfterProcessingInitializeOnLoad (1ms)
			EditorAssembliesLoaded (0ms)
		ExecutionOrderSort2 (0ms)
		AwakeInstancesAfterBackupRestoration (2ms)
Refreshing native plugins compatible for Editor in 0.45 ms, found 2 plugins.
Preloading 0 native plugins for Editor in 0.00 ms.
Unloading 0 Unused Serialized files (Serialized files now loaded: 0)
Unloading 3846 unused Assets / (0.7 MB). Loaded Objects now: 4345.
Memory consumption went from 92.9 MB to 92.2 MB.
Total: 5.825708 ms (FindLiveObjects: 0.231375 ms CreateObjectMapping: 0.147542 ms MarkObjects: 4.825500 ms  DeleteObjects: 0.620791 ms)

Prepare: number of updated asset objects reloaded= 0
========================================================================
Received Import Request.
  Time since last request: 1014504.133707 seconds.
  path: Assets/StarfieldMaterials/Textures
  artifactKey: Guid(8f41b23badd3db64f9b047a192436638) Importer(815301076,1909f56bfc062723c751e8b465ee728b)
Start importing Assets/StarfieldMaterials/Textures using Guid(8f41b23badd3db64f9b047a192436638) Importer(815301076,1909f56bfc062723c751e8b465ee728b) (PreviewImporter) -> (artifact id: '5fb07bcd1f44589a15797c42fa6bf1bb') in 0.004081916 seconds
Number of updated asset objects reloaded before import = 0Number of asset objects unloaded after import = 0

========================================================================
Received Import Request.
  Time since last request: 1.226328 seconds.
  path: Assets/StarfieldMaterials/Textures/SingleNeb
  artifactKey: Guid(0997958e3ead06144bf65005b6381b79) Importer(815301076,1909f56bfc062723c751e8b465ee728b)
Start importing Assets/StarfieldMaterials/Textures/SingleNeb using Guid(0997958e3ead06144bf65005b6381b79) Importer(815301076,1909f56bfc062723c751e8b465ee728b) (PreviewImporter) -> (artifact id: '1f21a63cb5ae0981311ab0960bae2c03') in 0.000522625 seconds
Number of updated asset objects reloaded before import = 0Number of asset objects unloaded after import = 0

========================================================================
Received Import Request.
  Time since last request: 0.048591 seconds.
  path: Assets/StarfieldMaterials/Textures/SingleNeb/SingleNeb_01.png
  artifactKey: Guid(940d2fb1699e983498a0d934bd5ed7f1) Importer(815301076,1909f56bfc062723c751e8b465ee728b)
Start importing Assets/StarfieldMaterials/Textures/SingleNeb/SingleNeb_01.png using Guid(940d2fb1699e983498a0d934bd5ed7f1) Importer(815301076,1909f56bfc062723c751e8b465ee728b) (PreviewImporter) -> (artifact id: 'edf3de4de1fa2ed9d54fdb6ba31e54a1') in 0.172154708 seconds
Number of updated asset objects reloaded before import = 0Number of asset objects unloaded after import = 2

========================================================================
Received Import Request.
  Time since last request: 13.317813 seconds.
  path: Assets/StarfieldMaterials/Textures/SingleNeb/SingleNeb_07.png
  artifactKey: Guid(234956b9f0f6d3342949e325b64b22db) Importer(815301076,1909f56bfc062723c751e8b465ee728b)
Start importing Assets/StarfieldMaterials/Textures/SingleNeb/SingleNeb_07.png using Guid(234956b9f0f6d3342949e325b64b22db) Importer(815301076,1909f56bfc062723c751e8b465ee728b) (PreviewImporter) -> (artifact id: '5519e54dbf24c01e1868e0780134c070') in 0.026723667 seconds
Number of updated asset objects reloaded before import = 0Number of asset objects unloaded after import = 2

========================================================================
Received Import Request.
  Time since last request: 90.936651 seconds.
  path: Assets/StarfieldMaterials/Textures/SingleNeb/SingleNeb_07.png
  artifactKey: Guid(234956b9f0f6d3342949e325b64b22db) Importer(815301076,1909f56bfc062723c751e8b465ee728b)
Start importing Assets/StarfieldMaterials/Textures/SingleNeb/SingleNeb_07.png using Guid(234956b9f0f6d3342949e325b64b22db) Importer(815301076,1909f56bfc062723c751e8b465ee728b) (PreviewImporter) -> (artifact id: '83c6e770c1246580032083b44205b369') in 0.052555209 seconds
Number of updated asset objects reloaded before import = 0Number of asset objects unloaded after import = 2

========================================================================
Received Import Request.
  Time since last request: 5.808943 seconds.
  path: Assets/StarfieldMaterials/Textures/SingleNeb/SingleNeb_07.png
  artifactKey: Guid(234956b9f0f6d3342949e325b64b22db) Importer(815301076,1909f56bfc062723c751e8b465ee728b)
Start importing Assets/StarfieldMaterials/Textures/SingleNeb/SingleNeb_07.png using Guid(234956b9f0f6d3342949e325b64b22db) Importer(815301076,1909f56bfc062723c751e8b465ee728b) (PreviewImporter) -> (artifact id: '053b283469fc020514c0b7020fa23efc') in 0.014889667 seconds
Number of updated asset objects reloaded before import = 0Number of asset objects unloaded after import = 2

========================================================================
Received Import Request.
  Time since last request: 27.665173 seconds.
  path: Assets/StarfieldMaterials/Textures/SingleNeb/SingleNeb_07.png
  artifactKey: Guid(234956b9f0f6d3342949e325b64b22db) Importer(815301076,1909f56bfc062723c751e8b465ee728b)
Start importing Assets/StarfieldMaterials/Textures/SingleNeb/SingleNeb_07.png using Guid(234956b9f0f6d3342949e325b64b22db) Importer(815301076,1909f56bfc062723c751e8b465ee728b) (PreviewImporter) -> (artifact id: '156a02bc977dc3db24e4344e82c447eb') in 0.048471167 seconds
Number of updated asset objects reloaded before import = 0Number of asset objects unloaded after import = 2

========================================================================
Received Import Request.
  Time since last request: 29.488256 seconds.
  path: Assets/Materials
  artifactKey: Guid(2b1d7c7dcece640dab24dcff39654bc7) Importer(815301076,1909f56bfc062723c751e8b465ee728b)
Start importing Assets/Materials using Guid(2b1d7c7dcece640dab24dcff39654bc7) Importer(815301076,1909f56bfc062723c751e8b465ee728b) (PreviewImporter) -> (artifact id: '61913fc61717e3e47864ade1761cc953') in 0.000859375 seconds
Number of updated asset objects reloaded before import = 0Number of asset objects unloaded after import = 0

========================================================================
Received Import Request.
  Time since last request: 39.179261 seconds.
  path: Assets/Materials/Mat_Background.mat
  artifactKey: Guid(74500b1b779314348a573ad86634f8fe) Importer(815301076,1909f56bfc062723c751e8b465ee728b)
Start importing Assets/Materials/Mat_Background.mat using Guid(74500b1b779314348a573ad86634f8fe) Importer(815301076,1909f56bfc062723c751e8b465ee728b) (PreviewImporter) -> (artifact id: 'dc226ac42bb21f813a8e67be348476ba') in 0.217384 seconds
Number of updated asset objects reloaded before import = 0Number of asset objects unloaded after import = 1

========================================================================
Received Prepare
Begin MonoManager ReloadAssembly
Thread 0x16d8af000 may have been prematurely finalized
- Loaded All Assemblies, in  0.535 seconds
Refreshing native plugins compatible for Editor in 0.38 ms, found 2 plugins.
Native extension for Android target not found
Native extension for OSXStandalone target not found
[Package Manager] Failed to launch server process. Reason: Unity was launched with the -noUpm command-line argument
[Package Manager] Unable to send message (not connected to server process).
[Package Manager] Cannot connect to Unity Package Manager local server
Mono: successfully reloaded assembly
- Finished resetting the current domain, in  0.748 seconds
Domain Reload Profiling: 1286ms
	BeginReloadAssembly (168ms)
		ExecutionOrderSort (0ms)
		DisableScriptedObjects (5ms)
		BackupInstance (0ms)
		ReleaseScriptingObjects (0ms)
		CreateAndSetChildDomain (52ms)
	RebuildCommonClasses (33ms)
	RebuildNativeTypeToScriptingClass (12ms)
	initialDomainReloadingComplete (18ms)
	LoadAllAssembliesAndSetupDomain (306ms)
		LoadAssemblies (236ms)
		RebuildTransferFunctionScriptingTraits (0ms)
		AnalyzeDomain (134ms)
			TypeCache.Refresh (10ms)
				TypeCache.ScanAssembly (0ms)
			BuildScriptInfoCaches (117ms)
			ResolveRequiredComponents (5ms)
	FinalizeReload (749ms)
		ReleaseScriptCaches (0ms)
		RebuildScriptCaches (0ms)
		SetupLoadedEditorAssemblies (618ms)
			LogAssemblyErrors (0ms)
			InitializePlatformSupportModulesInManaged (10ms)
			SetLoadedEditorAssemblies (3ms)
			BeforeProcessingInitializeOnLoad (135ms)
			ProcessInitializeOnLoadAttributes (436ms)
			ProcessInitializeOnLoadMethodAttributes (33ms)
			AfterProcessingInitializeOnLoad (1ms)
			EditorAssembliesLoaded (0ms)
		ExecutionOrderSort2 (0ms)
		AwakeInstancesAfterBackupRestoration (4ms)
Refreshing native plugins compatible for Editor in 0.66 ms, found 2 plugins.
Preloading 0 native plugins for Editor in 0.00 ms.
Unloading 0 Unused Serialized files (Serialized files now loaded: 0)
Unloading 3846 unused Assets / (441.7 KB). Loaded Objects now: 4390.
Memory consumption went from 95.5 MB to 95.1 MB.
Total: 9.428250 ms (FindLiveObjects: 0.532791 ms CreateObjectMapping: 0.293542 ms MarkObjects: 7.612458 ms  DeleteObjects: 0.988583 ms)

Prepare: number of updated asset objects reloaded= 0
========================================================================
Received Prepare
Begin MonoManager ReloadAssembly
Thread 0x16d67f000 may have been prematurely finalized
- Loaded All Assemblies, in  0.537 seconds
Refreshing native plugins compatible for Editor in 0.49 ms, found 2 plugins.
Native extension for Android target not found
Native extension for OSXStandalone target not found
[Package Manager] Failed to launch server process. Reason: Unity was launched with the -noUpm command-line argument
[Package Manager] Unable to send message (not connected to server process).
[Package Manager] Cannot connect to Unity Package Manager local server
Mono: successfully reloaded assembly
- Finished resetting the current domain, in  0.657 seconds
Domain Reload Profiling: 1196ms
	BeginReloadAssembly (179ms)
		ExecutionOrderSort (0ms)
		DisableScriptedObjects (7ms)
		BackupInstance (0ms)
		ReleaseScriptingObjects (0ms)
		CreateAndSetChildDomain (52ms)
	RebuildCommonClasses (31ms)
	RebuildNativeTypeToScriptingClass (12ms)
	initialDomainReloadingComplete (20ms)
	LoadAllAssembliesAndSetupDomain (298ms)
		LoadAssemblies (236ms)
		RebuildTransferFunctionScriptingTraits (0ms)
		AnalyzeDomain (133ms)
			TypeCache.Refresh (9ms)
				TypeCache.ScanAssembly (0ms)
			BuildScriptInfoCaches (109ms)
			ResolveRequiredComponents (5ms)
	FinalizeReload (657ms)
		ReleaseScriptCaches (0ms)
		RebuildScriptCaches (0ms)
		SetupLoadedEditorAssemblies (533ms)
			LogAssemblyErrors (0ms)
			InitializePlatformSupportModulesInManaged (8ms)
			SetLoadedEditorAssemblies (3ms)
			BeforeProcessingInitializeOnLoad (86ms)
			ProcessInitializeOnLoadAttributes (401ms)
			ProcessInitializeOnLoadMethodAttributes (33ms)
			AfterProcessingInitializeOnLoad (1ms)
			EditorAssembliesLoaded (0ms)
		ExecutionOrderSort2 (0ms)
		AwakeInstancesAfterBackupRestoration (4ms)
Refreshing native plugins compatible for Editor in 0.64 ms, found 2 plugins.
Preloading 0 native plugins for Editor in 0.00 ms.
Unloading 0 Unused Serialized files (Serialized files now loaded: 0)
Unloading 3846 unused Assets / (0.6 MB). Loaded Objects now: 4390.
Memory consumption went from 95.5 MB to 94.9 MB.
Total: 7.668083 ms (FindLiveObjects: 0.421042 ms CreateObjectMapping: 0.206625 ms MarkObjects: 6.279667 ms  DeleteObjects: 0.760000 ms)

Prepare: number of updated asset objects reloaded= 0
========================================================================
Received Import Request.
  Time since last request: 236.971167 seconds.
  path: Assets/JMO Assets/Cartoon FX Remaster/CFXR Assets/Graphics/cfxr stretch triangle fade ab.mat
  artifactKey: Guid(fa101072e5a628f439ecf55c03dfe940) Importer(815301076,1909f56bfc062723c751e8b465ee728b)
Start importing Assets/JMO Assets/Cartoon FX Remaster/CFXR Assets/Graphics/cfxr stretch triangle fade ab.mat using Guid(fa101072e5a628f439ecf55c03dfe940) Importer(815301076,1909f56bfc062723c751e8b465ee728b) (PreviewImporter) -> (artifact id: 'b12fe4bf0e7532cbc5e921258a8eb597') in 0.26789475 seconds
Number of updated asset objects reloaded before import = 0Number of asset objects unloaded after import = 2

========================================================================
Received Import Request.
  Time since last request: 0.000402 seconds.
  path: Assets/JMO Assets/Cartoon FX Remaster/CFXR Assets/Graphics/cfxr water small splash hollow stretch nosp ab.mat
  artifactKey: Guid(efec9ca1c146ade489c4943c6ab0ede5) Importer(815301076,1909f56bfc062723c751e8b465ee728b)
Start importing Assets/JMO Assets/Cartoon FX Remaster/CFXR Assets/Graphics/cfxr water small splash hollow stretch nosp ab.mat using Guid(efec9ca1c146ade489c4943c6ab0ede5) Importer(815301076,1909f56bfc062723c751e8b465ee728b) (PreviewImporter) -> (artifact id: 'bb8c46518383474f87eda5a9733079f1') in 0.010691041 seconds
Number of updated asset objects reloaded before import = 0Number of asset objects unloaded after import = 2

========================================================================
Received Import Request.
  Time since last request: 0.000080 seconds.
  path: Assets/JMO Assets/Cartoon FX Remaster/CFXR Assets/Graphics/cfxr sword trail ice hit.mat
  artifactKey: Guid(424e98b62df55be42a3ee2c2406d06b4) Importer(815301076,1909f56bfc062723c751e8b465ee728b)
Start importing Assets/JMO Assets/Cartoon FX Remaster/CFXR Assets/Graphics/cfxr sword trail ice hit.mat using Guid(424e98b62df55be42a3ee2c2406d06b4) Importer(815301076,1909f56bfc062723c751e8b465ee728b) (PreviewImporter) -> (artifact id: '0efe7e2b48b77c40ac65a4ee313ecf1e') in 0.099126375 seconds
Number of updated asset objects reloaded before import = 0Number of asset objects unloaded after import = 4

========================================================================
Received Import Request.
  Time since last request: 0.000064 seconds.
  path: Assets/JMO Assets/Cartoon FX Remaster/CFXR Assets/Graphics/cfxr water small splash stretch nosp ab.mat
  artifactKey: Guid(e9a9e8bac511e0f40935dbea31a91a3d) Importer(815301076,1909f56bfc062723c751e8b465ee728b)
Start importing Assets/JMO Assets/Cartoon FX Remaster/CFXR Assets/Graphics/cfxr water small splash stretch nosp ab.mat using Guid(e9a9e8bac511e0f40935dbea31a91a3d) Importer(815301076,1909f56bfc062723c751e8b465ee728b) (PreviewImporter) -> (artifact id: '55754ce29254ecc54608858cd1cbc715') in 0.008189875 seconds
Number of updated asset objects reloaded before import = 0Number of asset objects unloaded after import = 2

========================================================================
Received Import Request.
  Time since last request: 0.000048 seconds.
  path: Assets/JMO Assets/Cartoon FX Remaster/CFXR Assets/Graphics/cfxr water drop blur anim ab.mat
  artifactKey: Guid(35237ea33857dfc4e86c96692e18cd71) Importer(815301076,1909f56bfc062723c751e8b465ee728b)
Start importing Assets/JMO Assets/Cartoon FX Remaster/CFXR Assets/Graphics/cfxr water drop blur anim ab.mat using Guid(35237ea33857dfc4e86c96692e18cd71) Importer(815301076,1909f56bfc062723c751e8b465ee728b) (PreviewImporter) -> (artifact id: 'f0506c64f1b283a4c2600f2718486a77') in 0.169396875 seconds
Number of updated asset objects reloaded before import = 0Number of asset objects unloaded after import = 2

========================================================================
Received Import Request.
  Time since last request: 0.000120 seconds.
  path: Assets/JMO Assets/Cartoon FX Remaster/CFXR Assets/Graphics/cfxr sword trail tech.mat
  artifactKey: Guid(98a37e62d72196e409812a54c3cdd8a5) Importer(815301076,1909f56bfc062723c751e8b465ee728b)
Start importing Assets/JMO Assets/Cartoon FX Remaster/CFXR Assets/Graphics/cfxr sword trail tech.mat using Guid(98a37e62d72196e409812a54c3cdd8a5) Importer(815301076,1909f56bfc062723c751e8b465ee728b) (PreviewImporter) -> (artifact id: 'ef037a2453fd7e6a2505dfa622d44fc3') in 0.005304416 seconds
Number of updated asset objects reloaded before import = 0Number of asset objects unloaded after import = 4

========================================================================
Received Import Request.
  Time since last request: 0.000075 seconds.
  path: Assets/JMO Assets/Cartoon FX Remaster/CFXR Assets/Graphics/cfxr stretch triangle smooth nosp ab.mat
  artifactKey: Guid(79d590b9f60f0114d9f0c1686411167e) Importer(815301076,1909f56bfc062723c751e8b465ee728b)
Start importing Assets/JMO Assets/Cartoon FX Remaster/CFXR Assets/Graphics/cfxr stretch triangle smooth nosp ab.mat using Guid(79d590b9f60f0114d9f0c1686411167e) Importer(815301076,1909f56bfc062723c751e8b465ee728b) (PreviewImporter) -> (artifact id: '5324d032669588e43417f43f60b23524') in 0.038094875 seconds
Number of updated asset objects reloaded before import = 0Number of asset objects unloaded after import = 3

========================================================================
Received Import Request.
  Time since last request: 0.000059 seconds.
  path: Assets/JMO Assets/Cartoon FX Remaster/CFXR Assets/Graphics/cfxr water drop blur anim hdr ab.mat
  artifactKey: Guid(9ff4585d5d3df2945b6b02ee4ff389bb) Importer(815301076,1909f56bfc062723c751e8b465ee728b)
Start importing Assets/JMO Assets/Cartoon FX Remaster/CFXR Assets/Graphics/cfxr water drop blur anim hdr ab.mat using Guid(9ff4585d5d3df2945b6b02ee4ff389bb) Importer(815301076,1909f56bfc062723c751e8b465ee728b) (PreviewImporter) -> (artifact id: 'd676f503328d0877b103f19ac2a5e31d') in 0.006411584 seconds
Number of updated asset objects reloaded before import = 0Number of asset objects unloaded after import = 2

========================================================================
Received Import Request.
  Time since last request: 0.000109 seconds.
  path: Assets/JMO Assets/Cartoon FX Remaster/CFXR Assets/Graphics/cfxr ww smoke second color ab.mat
  artifactKey: Guid(869742a199537664ea313c65dc8525cc) Importer(815301076,1909f56bfc062723c751e8b465ee728b)
Start importing Assets/JMO Assets/Cartoon FX Remaster/CFXR Assets/Graphics/cfxr ww smoke second color ab.mat using Guid(869742a199537664ea313c65dc8525cc) Importer(815301076,1909f56bfc062723c751e8b465ee728b) (PreviewImporter) -> (artifact id: '0ca29e4ece1c46489b9d2abe5bff1cfa') in 0.080814625 seconds
Number of updated asset objects reloaded before import = 0Number of asset objects unloaded after import = 3

========================================================================
Received Import Request.
  Time since last request: 0.000040 seconds.
  path: Assets/StarfieldMaterials/DemoMaterials/Nebu_far.mat
  artifactKey: Guid(2c5f1f976ebb41349a8789150d90a6d0) Importer(815301076,1909f56bfc062723c751e8b465ee728b)
Start importing Assets/StarfieldMaterials/DemoMaterials/Nebu_far.mat using Guid(2c5f1f976ebb41349a8789150d90a6d0) Importer(815301076,1909f56bfc062723c751e8b465ee728b) (PreviewImporter) -> (artifact id: '8e4b409e1922cd22797c7fc500a61ea1') in 0.466833125 seconds
Number of updated asset objects reloaded before import = 0Number of asset objects unloaded after import = 2

========================================================================
Received Prepare
Begin MonoManager ReloadAssembly
Thread 0x16d67f000 may have been prematurely finalized
- Loaded All Assemblies, in  0.469 seconds
Refreshing native plugins compatible for Editor in 0.32 ms, found 2 plugins.
Native extension for Android target not found
Native extension for OSXStandalone target not found
[Package Manager] Failed to launch server process. Reason: Unity was launched with the -noUpm command-line argument
[Package Manager] Unable to send message (not connected to server process).
[Package Manager] Cannot connect to Unity Package Manager local server
Mono: successfully reloaded assembly
- Finished resetting the current domain, in  0.820 seconds
Domain Reload Profiling: 1292ms
	BeginReloadAssembly (128ms)
		ExecutionOrderSort (0ms)
		DisableScriptedObjects (4ms)
		BackupInstance (0ms)
		ReleaseScriptingObjects (0ms)
		CreateAndSetChildDomain (34ms)
	RebuildCommonClasses (31ms)
	RebuildNativeTypeToScriptingClass (12ms)
	initialDomainReloadingComplete (16ms)
	LoadAllAssembliesAndSetupDomain (285ms)
		LoadAssemblies (209ms)
		RebuildTransferFunctionScriptingTraits (0ms)
		AnalyzeDomain (123ms)
			TypeCache.Refresh (9ms)
				TypeCache.ScanAssembly (0ms)
			BuildScriptInfoCaches (107ms)
			ResolveRequiredComponents (4ms)
	FinalizeReload (821ms)
		ReleaseScriptCaches (0ms)
		RebuildScriptCaches (0ms)
		SetupLoadedEditorAssemblies (653ms)
			LogAssemblyErrors (0ms)
			InitializePlatformSupportModulesInManaged (15ms)
			SetLoadedEditorAssemblies (5ms)
			BeforeProcessingInitializeOnLoad (138ms)
			ProcessInitializeOnLoadAttributes (457ms)
			ProcessInitializeOnLoadMethodAttributes (35ms)
			AfterProcessingInitializeOnLoad (2ms)
			EditorAssembliesLoaded (0ms)
		ExecutionOrderSort2 (0ms)
		AwakeInstancesAfterBackupRestoration (4ms)
Refreshing native plugins compatible for Editor in 0.52 ms, found 2 plugins.
Preloading 0 native plugins for Editor in 0.00 ms.
Unloading 0 Unused Serialized files (Serialized files now loaded: 0)
Unloading 3846 unused Assets / (504.2 KB). Loaded Objects now: 4390.
Memory consumption went from 95.6 MB to 95.1 MB.
Total: 8.462792 ms (FindLiveObjects: 0.365458 ms CreateObjectMapping: 0.349292 ms MarkObjects: 7.051583 ms  DeleteObjects: 0.695792 ms)

Prepare: number of updated asset objects reloaded= 0
========================================================================
Received Prepare
Begin MonoManager ReloadAssembly
Thread 0x16d67f000 may have been prematurely finalized
- Loaded All Assemblies, in  0.510 seconds
Refreshing native plugins compatible for Editor in 0.33 ms, found 2 plugins.
Native extension for Android target not found
Native extension for OSXStandalone target not found
[Package Manager] Failed to launch server process. Reason: Unity was launched with the -noUpm command-line argument
[Package Manager] Unable to send message (not connected to server process).
[Package Manager] Cannot connect to Unity Package Manager local server
Mono: successfully reloaded assembly
- Finished resetting the current domain, in  0.716 seconds
Domain Reload Profiling: 1228ms
	BeginReloadAssembly (153ms)
		ExecutionOrderSort (0ms)
		DisableScriptedObjects (6ms)
		BackupInstance (0ms)
		ReleaseScriptingObjects (0ms)
		CreateAndSetChildDomain (40ms)
	RebuildCommonClasses (31ms)
	RebuildNativeTypeToScriptingClass (12ms)
	initialDomainReloadingComplete (19ms)
	LoadAllAssembliesAndSetupDomain (297ms)
		LoadAssemblies (221ms)
		RebuildTransferFunctionScriptingTraits (0ms)
		AnalyzeDomain (139ms)
			TypeCache.Refresh (16ms)
				TypeCache.ScanAssembly (0ms)
			BuildScriptInfoCaches (115ms)
			ResolveRequiredComponents (4ms)
	FinalizeReload (717ms)
		ReleaseScriptCaches (0ms)
		RebuildScriptCaches (0ms)
		SetupLoadedEditorAssemblies (586ms)
			LogAssemblyErrors (0ms)
			InitializePlatformSupportModulesInManaged (8ms)
			SetLoadedEditorAssemblies (3ms)
			BeforeProcessingInitializeOnLoad (87ms)
			ProcessInitializeOnLoadAttributes (442ms)
			ProcessInitializeOnLoadMethodAttributes (44ms)
			AfterProcessingInitializeOnLoad (2ms)
			EditorAssembliesLoaded (0ms)
		ExecutionOrderSort2 (0ms)
		AwakeInstancesAfterBackupRestoration (4ms)
Refreshing native plugins compatible for Editor in 0.57 ms, found 2 plugins.
Preloading 0 native plugins for Editor in 0.00 ms.
Unloading 0 Unused Serialized files (Serialized files now loaded: 0)
Unloading 3846 unused Assets / (0.9 MB). Loaded Objects now: 4390.
Memory consumption went from 95.6 MB to 94.7 MB.
Total: 9.440083 ms (FindLiveObjects: 0.679667 ms CreateObjectMapping: 0.306083 ms MarkObjects: 7.200458 ms  DeleteObjects: 1.252834 ms)

Prepare: number of updated asset objects reloaded= 0
========================================================================
Received Prepare
Refreshing native plugins compatible for Editor in 0.42 ms, found 2 plugins.
Preloading 0 native plugins for Editor in 0.00 ms.
Unloading 0 Unused Serialized files (Serialized files now loaded: 0)
Unloading 3840 unused Assets / (0.7 MB). Loaded Objects now: 4391.
Memory consumption went from 88.5 MB to 87.8 MB.
Total: 31.444041 ms (FindLiveObjects: 0.343792 ms CreateObjectMapping: 0.118750 ms MarkObjects: 30.366375 ms  DeleteObjects: 0.614875 ms)

Prepare: number of updated asset objects reloaded= 0
========================================================================
Received Import Request.
  Time since last request: 310.706392 seconds.
  path: Assets/Script/Background.cs
  artifactKey: Guid(60de7a6b7e9c74beca3e381a4362bc72) Importer(815301076,1909f56bfc062723c751e8b465ee728b)
Start importing Assets/Script/Background.cs using Guid(60de7a6b7e9c74beca3e381a4362bc72) Importer(815301076,1909f56bfc062723c751e8b465ee728b) (PreviewImporter) -> (artifact id: '2328abde7c10c2e8000acd4e75bace4e') in 0.00712 seconds
Number of updated asset objects reloaded before import = 0Number of asset objects unloaded after import = 0

========================================================================
Received Prepare
Begin MonoManager ReloadAssembly
Thread 0x16d67f000 may have been prematurely finalized
- Loaded All Assemblies, in  0.491 seconds
Refreshing native plugins compatible for Editor in 0.31 ms, found 2 plugins.
Native extension for Android target not found
Native extension for OSXStandalone target not found
[Package Manager] Failed to launch server process. Reason: Unity was launched with the -noUpm command-line argument
[Package Manager] Unable to send message (not connected to server process).
[Package Manager] Cannot connect to Unity Package Manager local server
Mono: successfully reloaded assembly
- Finished resetting the current domain, in  0.440 seconds
Domain Reload Profiling: 933ms
	BeginReloadAssembly (141ms)
		ExecutionOrderSort (0ms)
		DisableScriptedObjects (6ms)
		BackupInstance (0ms)
		ReleaseScriptingObjects (0ms)
		CreateAndSetChildDomain (40ms)
	RebuildCommonClasses (31ms)
	RebuildNativeTypeToScriptingClass (12ms)
	initialDomainReloadingComplete (20ms)
	LoadAllAssembliesAndSetupDomain (288ms)
		LoadAssemblies (219ms)
		RebuildTransferFunctionScriptingTraits (0ms)
		AnalyzeDomain (122ms)
			TypeCache.Refresh (10ms)
				TypeCache.ScanAssembly (0ms)
			BuildScriptInfoCaches (104ms)
			ResolveRequiredComponents (4ms)
	FinalizeReload (441ms)
		ReleaseScriptCaches (0ms)
		RebuildScriptCaches (0ms)
		SetupLoadedEditorAssemblies (334ms)
			LogAssemblyErrors (0ms)
			InitializePlatformSupportModulesInManaged (7ms)
			SetLoadedEditorAssemblies (2ms)
			BeforeProcessingInitializeOnLoad (72ms)
			ProcessInitializeOnLoadAttributes (233ms)
			ProcessInitializeOnLoadMethodAttributes (18ms)
			AfterProcessingInitializeOnLoad (1ms)
			EditorAssembliesLoaded (0ms)
		ExecutionOrderSort2 (0ms)
		AwakeInstancesAfterBackupRestoration (2ms)
Refreshing native plugins compatible for Editor in 0.38 ms, found 2 plugins.
Preloading 0 native plugins for Editor in 0.00 ms.
Unloading 0 Unused Serialized files (Serialized files now loaded: 0)
Unloading 3847 unused Assets / (0.9 MB). Loaded Objects now: 4391.
Memory consumption went from 95.6 MB to 94.7 MB.
Total: 5.435500 ms (FindLiveObjects: 0.254833 ms CreateObjectMapping: 0.115875 ms MarkObjects: 4.462209 ms  DeleteObjects: 0.602083 ms)

Prepare: number of updated asset objects reloaded= 0
========================================================================
Received Import Request.
  Time since last request: 6.313239 seconds.
  path: Assets/Script/Background.cs
  artifactKey: Guid(60de7a6b7e9c74beca3e381a4362bc72) Importer(815301076,1909f56bfc062723c751e8b465ee728b)
Start importing Assets/Script/Background.cs using Guid(60de7a6b7e9c74beca3e381a4362bc72) Importer(815301076,1909f56bfc062723c751e8b465ee728b) (PreviewImporter) -> (artifact id: '3927d96a887fdf5e8263dd5f83faa35b') in 0.001160709 seconds
Number of updated asset objects reloaded before import = 0Number of asset objects unloaded after import = 0

========================================================================
Received Prepare
Begin MonoManager ReloadAssembly
Thread 0x16d67f000 may have been prematurely finalized
- Loaded All Assemblies, in  0.521 seconds
Refreshing native plugins compatible for Editor in 0.50 ms, found 2 plugins.
Native extension for Android target not found
Native extension for OSXStandalone target not found
[Package Manager] Failed to launch server process. Reason: Unity was launched with the -noUpm command-line argument
[Package Manager] Unable to send message (not connected to server process).
[Package Manager] Cannot connect to Unity Package Manager local server
Mono: successfully reloaded assembly
- Finished resetting the current domain, in  0.666 seconds
Domain Reload Profiling: 1189ms
	BeginReloadAssembly (170ms)
		ExecutionOrderSort (0ms)
		DisableScriptedObjects (7ms)
		BackupInstance (0ms)
		ReleaseScriptingObjects (0ms)
		CreateAndSetChildDomain (47ms)
	RebuildCommonClasses (31ms)
	RebuildNativeTypeToScriptingClass (12ms)
	initialDomainReloadingComplete (22ms)
	LoadAllAssembliesAndSetupDomain (288ms)
		LoadAssemblies (224ms)
		RebuildTransferFunctionScriptingTraits (0ms)
		AnalyzeDomain (129ms)
			TypeCache.Refresh (10ms)
				TypeCache.ScanAssembly (0ms)
			BuildScriptInfoCaches (111ms)
			ResolveRequiredComponents (4ms)
	FinalizeReload (666ms)
		ReleaseScriptCaches (0ms)
		RebuildScriptCaches (0ms)
		SetupLoadedEditorAssemblies (518ms)
			LogAssemblyErrors (0ms)
			InitializePlatformSupportModulesInManaged (12ms)
			SetLoadedEditorAssemblies (4ms)
			BeforeProcessingInitializeOnLoad (113ms)
			ProcessInitializeOnLoadAttributes (363ms)
			ProcessInitializeOnLoadMethodAttributes (25ms)
			AfterProcessingInitializeOnLoad (1ms)
			EditorAssembliesLoaded (0ms)
		ExecutionOrderSort2 (0ms)
		AwakeInstancesAfterBackupRestoration (3ms)
Refreshing native plugins compatible for Editor in 0.45 ms, found 2 plugins.
Preloading 0 native plugins for Editor in 0.00 ms.
Unloading 0 Unused Serialized files (Serialized files now loaded: 0)
Unloading 3847 unused Assets / (0.8 MB). Loaded Objects now: 4391.
Memory consumption went from 95.6 MB to 94.8 MB.
Total: 6.446791 ms (FindLiveObjects: 0.241125 ms CreateObjectMapping: 0.145584 ms MarkObjects: 5.412375 ms  DeleteObjects: 0.647250 ms)

Prepare: number of updated asset objects reloaded= 0
========================================================================
Received Import Request.
  Time since last request: 210.443052 seconds.
  path: Assets/Script/Background.cs
  artifactKey: Guid(60de7a6b7e9c74beca3e381a4362bc72) Importer(815301076,1909f56bfc062723c751e8b465ee728b)
Start importing Assets/Script/Background.cs using Guid(60de7a6b7e9c74beca3e381a4362bc72) Importer(815301076,1909f56bfc062723c751e8b465ee728b) (PreviewImporter) -> (artifact id: '12870f68e5f7a89cee33c09b12a2cace') in 0.002222916 seconds
Number of updated asset objects reloaded before import = 0Number of asset objects unloaded after import = 0

========================================================================
Received Prepare
Refreshing native plugins compatible for Editor in 0.55 ms, found 2 plugins.
Preloading 0 native plugins for Editor in 0.00 ms.
Unloading 0 Unused Serialized files (Serialized files now loaded: 0)
Unloading 3840 unused Assets / (259.7 KB). Loaded Objects now: 4391.
Memory consumption went from 88.5 MB to 88.2 MB.
Total: 91.663500 ms (FindLiveObjects: 1.046833 ms CreateObjectMapping: 0.157833 ms MarkObjects: 88.650542 ms  DeleteObjects: 1.807750 ms)

Prepare: number of updated asset objects reloaded= 0
========================================================================
Received Prepare
Refreshing native plugins compatible for Editor in 12.42 ms, found 2 plugins.
Preloading 0 native plugins for Editor in 0.00 ms.
Unloading 0 Unused Serialized files (Serialized files now loaded: 0)
Unloading 3840 unused Assets / (312.5 KB). Loaded Objects now: 4391.
Memory consumption went from 88.5 MB to 88.2 MB.
Total: 23.229791 ms (FindLiveObjects: 0.603709 ms CreateObjectMapping: 0.126375 ms MarkObjects: 21.557750 ms  DeleteObjects: 0.941709 ms)

Prepare: number of updated asset objects reloaded= 0
========================================================================
Received Prepare
Refreshing native plugins compatible for Editor in 0.47 ms, found 2 plugins.
Preloading 0 native plugins for Editor in 0.00 ms.
Unloading 0 Unused Serialized files (Serialized files now loaded: 0)
Unloading 3840 unused Assets / (0.6 MB). Loaded Objects now: 4391.
Memory consumption went from 88.5 MB to 87.9 MB.
Total: 35.236000 ms (FindLiveObjects: 3.606375 ms CreateObjectMapping: 0.154583 ms MarkObjects: 30.733958 ms  DeleteObjects: 0.740584 ms)

Prepare: number of updated asset objects reloaded= 0
========================================================================
Received Prepare
Refreshing native plugins compatible for Editor in 0.54 ms, found 2 plugins.
Preloading 0 native plugins for Editor in 0.00 ms.
Unloading 0 Unused Serialized files (Serialized files now loaded: 0)
Unloading 3840 unused Assets / (0.6 MB). Loaded Objects now: 4391.
Memory consumption went from 88.5 MB to 87.9 MB.
Total: 14.676375 ms (FindLiveObjects: 0.391042 ms CreateObjectMapping: 0.152334 ms MarkObjects: 13.462625 ms  DeleteObjects: 0.669583 ms)

Prepare: number of updated asset objects reloaded= 0
========================================================================
Received Prepare
Refreshing native plugins compatible for Editor in 1.82 ms, found 2 plugins.
Preloading 0 native plugins for Editor in 0.00 ms.
Unloading 0 Unused Serialized files (Serialized files now loaded: 0)
Unloading 3840 unused Assets / (404.9 KB). Loaded Objects now: 4391.
Memory consumption went from 88.5 MB to 88.1 MB.
Total: 6.261583 ms (FindLiveObjects: 0.284125 ms CreateObjectMapping: 0.244542 ms MarkObjects: 5.075167 ms  DeleteObjects: 0.657333 ms)

Prepare: number of updated asset objects reloaded= 0
========================================================================
Received Import Request.
  Time since last request: 1993.460869 seconds.
  path: Assets/JMO Assets/Cartoon FX Remaster/CFXR Assets/Shaders/CFXR.cginc
  artifactKey: Guid(b3dab2eb6bcf5df42a6c45d4638e0f46) Importer(815301076,1909f56bfc062723c751e8b465ee728b)
Start importing Assets/JMO Assets/Cartoon FX Remaster/CFXR Assets/Shaders/CFXR.cginc using Guid(b3dab2eb6bcf5df42a6c45d4638e0f46) Importer(815301076,1909f56bfc062723c751e8b465ee728b) (PreviewImporter) -> (artifact id: 'a36d309b6534c2374aeb723f6baa9587') in 0.040709792 seconds
Number of updated asset objects reloaded before import = 0Number of asset objects unloaded after import = 1

========================================================================
Received Import Request.
  Time since last request: 0.000136 seconds.
  path: Assets/JMO Assets/Cartoon FX Remaster/CFXR Assets/Graphics/cfxr card club ab.mat
  artifactKey: Guid(6a36ba77acbf3644f855c8700b01c682) Importer(815301076,1909f56bfc062723c751e8b465ee728b)
Start importing Assets/JMO Assets/Cartoon FX Remaster/CFXR Assets/Graphics/cfxr card club ab.mat using Guid(6a36ba77acbf3644f855c8700b01c682) Importer(815301076,1909f56bfc062723c751e8b465ee728b) (PreviewImporter) -> (artifact id: 'e680b0e3cbf17a1656a25bc546354126') in 0.156029042 seconds
Number of updated asset objects reloaded before import = 0Number of asset objects unloaded after import = 2

========================================================================
Received Import Request.
  Time since last request: 0.000157 seconds.
  path: Assets/JMO Assets/Cartoon FX Remaster/CFXR Assets/Graphics/cfxr bubble 2.png
  artifactKey: Guid(e60eda0ccf5343e46b8cb114df9ba50d) Importer(815301076,1909f56bfc062723c751e8b465ee728b)
Start importing Assets/JMO Assets/Cartoon FX Remaster/CFXR Assets/Graphics/cfxr bubble 2.png using Guid(e60eda0ccf5343e46b8cb114df9ba50d) Importer(815301076,1909f56bfc062723c751e8b465ee728b) (PreviewImporter) -> (artifact id: '492183efc14255c39dc5664fa8413c27') in 0.011569416 seconds
Number of updated asset objects reloaded before import = 0Number of asset objects unloaded after import = 2

========================================================================
Received Import Request.
  Time since last request: 0.000108 seconds.
  path: Assets/JMO Assets/Cartoon FX Remaster/CFXR Assets/Graphics/cfxr debris 3x3 ab lit.mat
  artifactKey: Guid(21758c48417fe2e43b8845f710749ad7) Importer(815301076,1909f56bfc062723c751e8b465ee728b)
Start importing Assets/JMO Assets/Cartoon FX Remaster/CFXR Assets/Graphics/cfxr debris 3x3 ab lit.mat using Guid(21758c48417fe2e43b8845f710749ad7) Importer(815301076,1909f56bfc062723c751e8b465ee728b) (PreviewImporter) -> (artifact id: '8c1609853a90d86b2ab9ce5a53cabd79') in 0.355261417 seconds
Number of updated asset objects reloaded before import = 0Number of asset objects unloaded after import = 3

========================================================================
Received Import Request.
  Time since last request: 0.000049 seconds.
  path: Assets/JMO Assets/Cartoon FX Remaster/CFXR Assets/Graphics/cfxr debris 3x3.png
  artifactKey: Guid(c77bd9e350bb29b47bf79c281d43f52c) Importer(815301076,1909f56bfc062723c751e8b465ee728b)
Start importing Assets/JMO Assets/Cartoon FX Remaster/CFXR Assets/Graphics/cfxr debris 3x3.png using Guid(c77bd9e350bb29b47bf79c281d43f52c) Importer(815301076,1909f56bfc062723c751e8b465ee728b) (PreviewImporter) -> (artifact id: 'f6af96074087dc99bed6a2aeff7db484') in 0.003836083 seconds
Number of updated asset objects reloaded before import = 0Number of asset objects unloaded after import = 2

========================================================================
Received Import Request.
  Time since last request: 0.000113 seconds.
  path: Assets/JMO Assets/Cartoon FX Remaster/CFXR Assets/Graphics/cfxr blood splash dissolve.png
  artifactKey: Guid(66389432937edf24a943c3944a78bd01) Importer(815301076,1909f56bfc062723c751e8b465ee728b)
Start importing Assets/JMO Assets/Cartoon FX Remaster/CFXR Assets/Graphics/cfxr blood splash dissolve.png using Guid(66389432937edf24a943c3944a78bd01) Importer(815301076,1909f56bfc062723c751e8b465ee728b) (PreviewImporter) -> (artifact id: '331cf9e32b05a41ff2db132f375b1683') in 0.004782875 seconds
Number of updated asset objects reloaded before import = 0Number of asset objects unloaded after import = 2

========================================================================
Received Import Request.
  Time since last request: 0.000064 seconds.
  path: Assets/JMO Assets/Cartoon FX Remaster/CFXR Assets/Graphics/cfxr card spade.png
  artifactKey: Guid(495bf78b2a79c4049ba5feebcc016c39) Importer(815301076,1909f56bfc062723c751e8b465ee728b)
Start importing Assets/JMO Assets/Cartoon FX Remaster/CFXR Assets/Graphics/cfxr card spade.png using Guid(495bf78b2a79c4049ba5feebcc016c39) Importer(815301076,1909f56bfc062723c751e8b465ee728b) (PreviewImporter) -> (artifact id: '885e88dd6faf9b8cf7ec7edc30067ccc') in 0.004128875 seconds
Number of updated asset objects reloaded before import = 0Number of asset objects unloaded after import = 2

========================================================================
Received Import Request.
  Time since last request: 0.000073 seconds.
  path: Assets/JMO Assets/Cartoon FX Remaster/CFXR Assets/Graphics/cfxr card spade ab.mat
  artifactKey: Guid(fdebe8f9090761f44a629442b2b5cf57) Importer(815301076,1909f56bfc062723c751e8b465ee728b)
Start importing Assets/JMO Assets/Cartoon FX Remaster/CFXR Assets/Graphics/cfxr card spade ab.mat using Guid(fdebe8f9090761f44a629442b2b5cf57) Importer(815301076,1909f56bfc062723c751e8b465ee728b) (PreviewImporter) -> (artifact id: '89e210f2e2e86b420af78264576e1b46') in 0.006353666 seconds
Number of updated asset objects reloaded before import = 0Number of asset objects unloaded after import = 2

========================================================================
Received Import Request.
  Time since last request: 0.000148 seconds.
  path: Assets/JMO Assets/Cartoon FX Remaster/CFXR Assets/Graphics/cfxr cloud blur add.mat
  artifactKey: Guid(0eb2f2d564c8c87418392fdf927b2cee) Importer(815301076,1909f56bfc062723c751e8b465ee728b)
Start importing Assets/JMO Assets/Cartoon FX Remaster/CFXR Assets/Graphics/cfxr cloud blur add.mat using Guid(0eb2f2d564c8c87418392fdf927b2cee) Importer(815301076,1909f56bfc062723c751e8b465ee728b) (PreviewImporter) -> (artifact id: 'a3dbe26d3f27b881a7f4e618a763d637') in 0.110090625 seconds
Number of updated asset objects reloaded before import = 0Number of asset objects unloaded after import = 2

========================================================================
Received Import Request.
  Time since last request: 0.000072 seconds.
  path: Assets/JMO Assets/Cartoon FX Remaster/CFXR Assets/Graphics/cfxr debris flat unlit 3x3 ab hdr.mat
  artifactKey: Guid(a6b83a8798dc3f748822ba3b239a8728) Importer(815301076,1909f56bfc062723c751e8b465ee728b)
Start importing Assets/JMO Assets/Cartoon FX Remaster/CFXR Assets/Graphics/cfxr debris flat unlit 3x3 ab hdr.mat using Guid(a6b83a8798dc3f748822ba3b239a8728) Importer(815301076,1909f56bfc062723c751e8b465ee728b) (PreviewImporter) -> (artifact id: 'e56dd7e5fa241151a5c5d7406f9fb140') in 0.060871083 seconds
Number of updated asset objects reloaded before import = 0Number of asset objects unloaded after import = 2

========================================================================
Received Import Request.
  Time since last request: 0.000061 seconds.
  path: Assets/JMO Assets/Cartoon FX Remaster/CFXR Assets/Graphics/cfxr bubble ab.mat
  artifactKey: Guid(b723f81f440998d42a4d4b393cac870c) Importer(815301076,1909f56bfc062723c751e8b465ee728b)
Start importing Assets/JMO Assets/Cartoon FX Remaster/CFXR Assets/Graphics/cfxr bubble ab.mat using Guid(b723f81f440998d42a4d4b393cac870c) Importer(815301076,1909f56bfc062723c751e8b465ee728b) (PreviewImporter) -> (artifact id: '39c6f46ab687b0e18a44f55866bcf5a3') in 0.004569167 seconds
Number of updated asset objects reloaded before import = 0Number of asset objects unloaded after import = 2

========================================================================
Received Import Request.
  Time since last request: 0.000129 seconds.
  path: Assets/JMO Assets/Cartoon FX Remaster/CFXR Assets/Graphics/cfxr aura rays hdr ab nosp.mat
  artifactKey: Guid(59b66e1956031654985c136e6927a7d8) Importer(815301076,1909f56bfc062723c751e8b465ee728b)
Start importing Assets/JMO Assets/Cartoon FX Remaster/CFXR Assets/Graphics/cfxr aura rays hdr ab nosp.mat using Guid(59b66e1956031654985c136e6927a7d8) Importer(815301076,1909f56bfc062723c751e8b465ee728b) (PreviewImporter) -> (artifact id: 'eec2b0de9595867ed420e094ac45725d') in 0.007175791 seconds
Number of updated asset objects reloaded before import = 0Number of asset objects unloaded after import = 2

========================================================================
Received Import Request.
  Time since last request: 0.000128 seconds.
  path: Assets/JMO Assets/Cartoon FX Remaster/CFXR Assets/Graphics/cfxr aura runic.png
  artifactKey: Guid(ccb58def4933d4e46b7a1fc023bf6259) Importer(815301076,1909f56bfc062723c751e8b465ee728b)
Start importing Assets/JMO Assets/Cartoon FX Remaster/CFXR Assets/Graphics/cfxr aura runic.png using Guid(ccb58def4933d4e46b7a1fc023bf6259) Importer(815301076,1909f56bfc062723c751e8b465ee728b) (PreviewImporter) -> (artifact id: '6ed6d75202f8eb6ce5ccc5f71cd5e1a1') in 0.004925375 seconds
Number of updated asset objects reloaded before import = 0Number of asset objects unloaded after import = 2

========================================================================
Received Import Request.
  Time since last request: 0.000048 seconds.
  path: Assets/JMO Assets/Cartoon FX Remaster/CFXR Assets/Graphics/cfxr debris ice 2x2.png
  artifactKey: Guid(5631ad2c0e51148479f2586eb8ce868e) Importer(815301076,1909f56bfc062723c751e8b465ee728b)
Start importing Assets/JMO Assets/Cartoon FX Remaster/CFXR Assets/Graphics/cfxr debris ice 2x2.png using Guid(5631ad2c0e51148479f2586eb8ce868e) Importer(815301076,1909f56bfc062723c751e8b465ee728b) (PreviewImporter) -> (artifact id: 'aa490644988ce016907d0268195f9a3a') in 0.004208833 seconds
Number of updated asset objects reloaded before import = 0Number of asset objects unloaded after import = 2

========================================================================
Received Import Request.
  Time since last request: 0.000108 seconds.
  path: Assets/JMO Assets/Cartoon FX Remaster/CFXR Assets/Graphics/cfxr bubble 2 ab.mat
  artifactKey: Guid(21417cf5ab018164f9d28d2e35ad8cb7) Importer(815301076,1909f56bfc062723c751e8b465ee728b)
Start importing Assets/JMO Assets/Cartoon FX Remaster/CFXR Assets/Graphics/cfxr bubble 2 ab.mat using Guid(21417cf5ab018164f9d28d2e35ad8cb7) Importer(815301076,1909f56bfc062723c751e8b465ee728b) (PreviewImporter) -> (artifact id: '84006ba198b91c77b0aac10fa2071091') in 0.0052465 seconds
Number of updated asset objects reloaded before import = 0Number of asset objects unloaded after import = 2

========================================================================
Received Import Request.
  Time since last request: 0.000065 seconds.
  path: Assets/JMO Assets/Cartoon FX Remaster/CFXR Assets/Graphics/cfxr bubble.png
  artifactKey: Guid(c78c2071651a73d4db16ad0155af4dad) Importer(815301076,1909f56bfc062723c751e8b465ee728b)
Start importing Assets/JMO Assets/Cartoon FX Remaster/CFXR Assets/Graphics/cfxr bubble.png using Guid(c78c2071651a73d4db16ad0155af4dad) Importer(815301076,1909f56bfc062723c751e8b465ee728b) (PreviewImporter) -> (artifact id: '2ba3d77e4c67d01c7ad45fc39b42fc94') in 0.003455958 seconds
Number of updated asset objects reloaded before import = 0Number of asset objects unloaded after import = 2

========================================================================
Received Import Request.
  Time since last request: 0.000098 seconds.
  path: Assets/JMO Assets/Cartoon FX Remaster/CFXR Assets/Graphics/cfxr blood splash.png
  artifactKey: Guid(b00dc0b0f4174b14aa9e3caa8d9b0859) Importer(815301076,1909f56bfc062723c751e8b465ee728b)
Start importing Assets/JMO Assets/Cartoon FX Remaster/CFXR Assets/Graphics/cfxr blood splash.png using Guid(b00dc0b0f4174b14aa9e3caa8d9b0859) Importer(815301076,1909f56bfc062723c751e8b465ee728b) (PreviewImporter) -> (artifact id: '20d1216afb8e368b78d5fdbc69d8799a') in 0.003342333 seconds
Number of updated asset objects reloaded before import = 0Number of asset objects unloaded after import = 2

========================================================================
Received Import Request.
  Time since last request: 282.457521 seconds.
  path: Assets/Music
  artifactKey: Guid(9bbf8436e59224a37b32e79d3eff6f5f) Importer(815301076,1909f56bfc062723c751e8b465ee728b)
Start importing Assets/Music using Guid(9bbf8436e59224a37b32e79d3eff6f5f) Importer(815301076,1909f56bfc062723c751e8b465ee728b) (PreviewImporter) -> (artifact id: '542039bac5c68084265f7013b48cfd58') in 0.003748625 seconds
Number of updated asset objects reloaded before import = 0Number of asset objects unloaded after import = 0

========================================================================
Received Import Request.
  Time since last request: 13.963944 seconds.
  path: Assets/Music/Audio_BGM.wav
  artifactKey: Guid(a70bb6894f747403f958af37ab330bea) Importer(815301076,1909f56bfc062723c751e8b465ee728b)
Start importing Assets/Music/Audio_BGM.wav using Guid(a70bb6894f747403f958af37ab330bea) Importer(815301076,1909f56bfc062723c751e8b465ee728b) (PreviewImporter) -> (artifact id: '9473024d7a5a82a9029b75e7103ed83a') in 0.184408125 seconds
Number of updated asset objects reloaded before import = 0Number of asset objects unloaded after import = 2

========================================================================
Received Import Request.
  Time since last request: 0.000059 seconds.
  path: Assets/Music/Audio_Explosion.wav
  artifactKey: Guid(4cf0902f5bff0459ea1f5c23f4185425) Importer(815301076,1909f56bfc062723c751e8b465ee728b)
Start importing Assets/Music/Audio_Explosion.wav using Guid(4cf0902f5bff0459ea1f5c23f4185425) Importer(815301076,1909f56bfc062723c751e8b465ee728b) (PreviewImporter) -> (artifact id: '50d7f91cf9539780b0456f5af3c652d1') in 0.005674792 seconds
Number of updated asset objects reloaded before import = 0Number of asset objects unloaded after import = 2

========================================================================
Received Prepare
Begin MonoManager ReloadAssembly
Thread 0x16d67f000 may have been prematurely finalized
- Loaded All Assemblies, in  0.532 seconds
Refreshing native plugins compatible for Editor in 0.41 ms, found 2 plugins.
Native extension for Android target not found
Native extension for OSXStandalone target not found
[Package Manager] Failed to launch server process. Reason: Unity was launched with the -noUpm command-line argument
[Package Manager] Unable to send message (not connected to server process).
[Package Manager] Cannot connect to Unity Package Manager local server
Mono: successfully reloaded assembly
- Finished resetting the current domain, in  0.484 seconds
Domain Reload Profiling: 1018ms
	BeginReloadAssembly (183ms)
		ExecutionOrderSort (0ms)
		DisableScriptedObjects (6ms)
		BackupInstance (0ms)
		ReleaseScriptingObjects (0ms)
		CreateAndSetChildDomain (60ms)
	RebuildCommonClasses (32ms)
	RebuildNativeTypeToScriptingClass (12ms)
	initialDomainReloadingComplete (20ms)
	LoadAllAssembliesAndSetupDomain (287ms)
		LoadAssemblies (223ms)
		RebuildTransferFunctionScriptingTraits (0ms)
		AnalyzeDomain (128ms)
			TypeCache.Refresh (11ms)
				TypeCache.ScanAssembly (0ms)
			BuildScriptInfoCaches (109ms)
			ResolveRequiredComponents (5ms)
	FinalizeReload (485ms)
		ReleaseScriptCaches (0ms)
		RebuildScriptCaches (0ms)
		SetupLoadedEditorAssemblies (375ms)
			LogAssemblyErrors (0ms)
			InitializePlatformSupportModulesInManaged (8ms)
			SetLoadedEditorAssemblies (4ms)
			BeforeProcessingInitializeOnLoad (81ms)
			ProcessInitializeOnLoadAttributes (259ms)
			ProcessInitializeOnLoadMethodAttributes (22ms)
			AfterProcessingInitializeOnLoad (1ms)
			EditorAssembliesLoaded (0ms)
		ExecutionOrderSort2 (0ms)
		AwakeInstancesAfterBackupRestoration (2ms)
Refreshing native plugins compatible for Editor in 0.68 ms, found 2 plugins.
Preloading 0 native plugins for Editor in 0.00 ms.
Unloading 0 Unused Serialized files (Serialized files now loaded: 0)
Unloading 3847 unused Assets / (0.6 MB). Loaded Objects now: 4394.
Memory consumption went from 95.6 MB to 95.0 MB.
Total: 8.872250 ms (FindLiveObjects: 0.354083 ms CreateObjectMapping: 0.412042 ms MarkObjects: 7.359875 ms  DeleteObjects: 0.745750 ms)

Prepare: number of updated asset objects reloaded= 0
========================================================================
Received Prepare
Begin MonoManager ReloadAssembly
Thread 0x16d67f000 may have been prematurely finalized
- Loaded All Assemblies, in  0.417 seconds
Refreshing native plugins compatible for Editor in 0.36 ms, found 2 plugins.
Native extension for Android target not found
Native extension for OSXStandalone target not found
[Package Manager] Failed to launch server process. Reason: Unity was launched with the -noUpm command-line argument
[Package Manager] Unable to send message (not connected to server process).
[Package Manager] Cannot connect to Unity Package Manager local server
Mono: successfully reloaded assembly
- Finished resetting the current domain, in  0.765 seconds
Domain Reload Profiling: 1184ms
	BeginReloadAssembly (110ms)
		ExecutionOrderSort (0ms)
		DisableScriptedObjects (5ms)
		BackupInstance (0ms)
		ReleaseScriptingObjects (0ms)
		CreateAndSetChildDomain (28ms)
	RebuildCommonClasses (31ms)
	RebuildNativeTypeToScriptingClass (12ms)
	initialDomainReloadingComplete (15ms)
	LoadAllAssembliesAndSetupDomain (250ms)
		LoadAssemblies (169ms)
		RebuildTransferFunctionScriptingTraits (0ms)
		AnalyzeDomain (120ms)
			TypeCache.Refresh (8ms)
				TypeCache.ScanAssembly (0ms)
			BuildScriptInfoCaches (106ms)
			ResolveRequiredComponents (4ms)
	FinalizeReload (765ms)
		ReleaseScriptCaches (0ms)
		RebuildScriptCaches (0ms)
		SetupLoadedEditorAssemblies (630ms)
			LogAssemblyErrors (0ms)
			InitializePlatformSupportModulesInManaged (9ms)
			SetLoadedEditorAssemblies (3ms)
			BeforeProcessingInitializeOnLoad (92ms)
			ProcessInitializeOnLoadAttributes (480ms)
			ProcessInitializeOnLoadMethodAttributes (45ms)
			AfterProcessingInitializeOnLoad (1ms)
			EditorAssembliesLoaded (0ms)
		ExecutionOrderSort2 (0ms)
		AwakeInstancesAfterBackupRestoration (5ms)
Refreshing native plugins compatible for Editor in 0.65 ms, found 2 plugins.
Preloading 0 native plugins for Editor in 0.00 ms.
Unloading 0 Unused Serialized files (Serialized files now loaded: 0)
Unloading 3847 unused Assets / (0.6 MB). Loaded Objects now: 4394.
Memory consumption went from 95.5 MB to 94.9 MB.
Total: 8.404500 ms (FindLiveObjects: 0.352916 ms CreateObjectMapping: 0.171250 ms MarkObjects: 7.046333 ms  DeleteObjects: 0.833041 ms)

Prepare: number of updated asset objects reloaded= 0
========================================================================
Received Prepare
Begin MonoManager ReloadAssembly
Thread 0x16d67f000 may have been prematurely finalized
- Loaded All Assemblies, in  0.424 seconds
Refreshing native plugins compatible for Editor in 0.47 ms, found 2 plugins.
Native extension for Android target not found
Native extension for OSXStandalone target not found
[Package Manager] Failed to launch server process. Reason: Unity was launched with the -noUpm command-line argument
[Package Manager] Unable to send message (not connected to server process).
[Package Manager] Cannot connect to Unity Package Manager local server
Mono: successfully reloaded assembly
- Finished resetting the current domain, in  0.727 seconds
Domain Reload Profiling: 1154ms
	BeginReloadAssembly (116ms)
		ExecutionOrderSort (0ms)
		DisableScriptedObjects (5ms)
		BackupInstance (0ms)
		ReleaseScriptingObjects (0ms)
		CreateAndSetChildDomain (29ms)
	RebuildCommonClasses (31ms)
	RebuildNativeTypeToScriptingClass (12ms)
	initialDomainReloadingComplete (16ms)
	LoadAllAssembliesAndSetupDomain (252ms)
		LoadAssemblies (175ms)
		RebuildTransferFunctionScriptingTraits (0ms)
		AnalyzeDomain (118ms)
			TypeCache.Refresh (8ms)
				TypeCache.ScanAssembly (0ms)
			BuildScriptInfoCaches (104ms)
			ResolveRequiredComponents (4ms)
	FinalizeReload (728ms)
		ReleaseScriptCaches (0ms)
		RebuildScriptCaches (0ms)
		SetupLoadedEditorAssemblies (596ms)
			LogAssemblyErrors (0ms)
			InitializePlatformSupportModulesInManaged (8ms)
			SetLoadedEditorAssemblies (3ms)
			BeforeProcessingInitializeOnLoad (87ms)
			ProcessInitializeOnLoadAttributes (457ms)
			ProcessInitializeOnLoadMethodAttributes (40ms)
			AfterProcessingInitializeOnLoad (1ms)
			EditorAssembliesLoaded (0ms)
		ExecutionOrderSort2 (0ms)
		AwakeInstancesAfterBackupRestoration (4ms)
Refreshing native plugins compatible for Editor in 0.59 ms, found 2 plugins.
Preloading 0 native plugins for Editor in 0.00 ms.
Unloading 0 Unused Serialized files (Serialized files now loaded: 0)
Unloading 3847 unused Assets / (0.9 MB). Loaded Objects now: 4394.
Memory consumption went from 95.5 MB to 94.7 MB.
Total: 8.478375 ms (FindLiveObjects: 0.475542 ms CreateObjectMapping: 0.355834 ms MarkObjects: 6.399458 ms  DeleteObjects: 1.246875 ms)

Prepare: number of updated asset objects reloaded= 0
========================================================================
Received Import Request.
  Time since last request: 232.481559 seconds.
  path: Assets/Prefabs/Bullet.prefab
  artifactKey: Guid(212844b9596bc4187b904d9507cfe941) Importer(815301076,1909f56bfc062723c751e8b465ee728b)
Start importing Assets/Prefabs/Bullet.prefab using Guid(212844b9596bc4187b904d9507cfe941) Importer(815301076,1909f56bfc062723c751e8b465ee728b) (PreviewImporter) -> (artifact id: '4d6b53c031aa6d9e9f5804430046be0f') in 0.112598041 seconds
Number of updated asset objects reloaded before import = 0Number of asset objects unloaded after import = 11

========================================================================
Received Prepare
Begin MonoManager ReloadAssembly
Thread 0x16d67f000 may have been prematurely finalized
- Loaded All Assemblies, in  0.473 seconds
Refreshing native plugins compatible for Editor in 0.35 ms, found 2 plugins.
Native extension for Android target not found
Native extension for OSXStandalone target not found
[Package Manager] Failed to launch server process. Reason: Unity was launched with the -noUpm command-line argument
[Package Manager] Unable to send message (not connected to server process).
[Package Manager] Cannot connect to Unity Package Manager local server
Mono: successfully reloaded assembly
- Finished resetting the current domain, in  0.766 seconds
Domain Reload Profiling: 1241ms
	BeginReloadAssembly (136ms)
		ExecutionOrderSort (0ms)
		DisableScriptedObjects (5ms)
		BackupInstance (0ms)
		ReleaseScriptingObjects (0ms)
		CreateAndSetChildDomain (36ms)
	RebuildCommonClasses (31ms)
	RebuildNativeTypeToScriptingClass (12ms)
	initialDomainReloadingComplete (17ms)
	LoadAllAssembliesAndSetupDomain (279ms)
		LoadAssemblies (211ms)
		RebuildTransferFunctionScriptingTraits (0ms)
		AnalyzeDomain (121ms)
			TypeCache.Refresh (9ms)
				TypeCache.ScanAssembly (0ms)
			BuildScriptInfoCaches (105ms)
			ResolveRequiredComponents (4ms)
	FinalizeReload (767ms)
		ReleaseScriptCaches (0ms)
		RebuildScriptCaches (0ms)
		SetupLoadedEditorAssemblies (627ms)
			LogAssemblyErrors (0ms)
			InitializePlatformSupportModulesInManaged (9ms)
			SetLoadedEditorAssemblies (3ms)
			BeforeProcessingInitializeOnLoad (117ms)
			ProcessInitializeOnLoadAttributes (460ms)
			ProcessInitializeOnLoadMethodAttributes (36ms)
			AfterProcessingInitializeOnLoad (1ms)
			EditorAssembliesLoaded (0ms)
		ExecutionOrderSort2 (0ms)
		AwakeInstancesAfterBackupRestoration (4ms)
Refreshing native plugins compatible for Editor in 1.16 ms, found 2 plugins.
Preloading 0 native plugins for Editor in 0.00 ms.
Unloading 0 Unused Serialized files (Serialized files now loaded: 0)
Unloading 3847 unused Assets / (0.7 MB). Loaded Objects now: 4395.
Memory consumption went from 95.5 MB to 94.8 MB.
Total: 13.438209 ms (FindLiveObjects: 0.973792 ms CreateObjectMapping: 0.664208 ms MarkObjects: 9.708500 ms  DeleteObjects: 2.090500 ms)

Prepare: number of updated asset objects reloaded= 0
========================================================================
Received Import Request.
  Time since last request: 63.656061 seconds.
  path: Assets/JMO Assets/Cartoon FX Remaster/CFXR Assets/Graphics/cfxr spikes half impact gradient.png
  artifactKey: Guid(0507e48ffacf40549a96d4efaa55672a) Importer(815301076,1909f56bfc062723c751e8b465ee728b)
Start importing Assets/JMO Assets/Cartoon FX Remaster/CFXR Assets/Graphics/cfxr spikes half impact gradient.png using Guid(0507e48ffacf40549a96d4efaa55672a) Importer(815301076,1909f56bfc062723c751e8b465ee728b) (PreviewImporter) -> (artifact id: '41a8254e4e8ebfa9ea58cd0e35213a13') in 0.055598333 seconds
Number of updated asset objects reloaded before import = 0Number of asset objects unloaded after import = 2

========================================================================
Received Import Request.
  Time since last request: 0.000087 seconds.
  path: Assets/JMO Assets/Cartoon FX Remaster/CFXR Assets/Graphics/cfxr spikes impact.png
  artifactKey: Guid(ac41fdcd17fc3634c80841c01775dd35) Importer(815301076,1909f56bfc062723c751e8b465ee728b)
Start importing Assets/JMO Assets/Cartoon FX Remaster/CFXR Assets/Graphics/cfxr spikes impact.png using Guid(ac41fdcd17fc3634c80841c01775dd35) Importer(815301076,1909f56bfc062723c751e8b465ee728b) (PreviewImporter) -> (artifact id: '993fcd14d44fc078f17c15d14dfe154f') in 0.00463 seconds
Number of updated asset objects reloaded before import = 0Number of asset objects unloaded after import = 2

========================================================================
Received Import Request.
  Time since last request: 0.000058 seconds.
  path: Assets/JMO Assets/Cartoon FX Remaster/CFXR Assets/Graphics/cfxr spikes impact ab.mat
  artifactKey: Guid(79d0c47029980c04caed1c1327f99c17) Importer(815301076,1909f56bfc062723c751e8b465ee728b)
Start importing Assets/JMO Assets/Cartoon FX Remaster/CFXR Assets/Graphics/cfxr spikes impact ab.mat using Guid(79d0c47029980c04caed1c1327f99c17) Importer(815301076,1909f56bfc062723c751e8b465ee728b) (PreviewImporter) -> (artifact id: '66ca789472332e23207631d9594cda0b') in 0.069064 seconds
Number of updated asset objects reloaded before import = 0Number of asset objects unloaded after import = 2

========================================================================
Received Import Request.
  Time since last request: 0.000049 seconds.
  path: Assets/JMO Assets/Cartoon FX Remaster/CFXR Assets/Graphics/cfxr spikes impact dissolve ab.mat
  artifactKey: Guid(3f0274981b7991749a3c2a25ef4ec527) Importer(815301076,1909f56bfc062723c751e8b465ee728b)
Start importing Assets/JMO Assets/Cartoon FX Remaster/CFXR Assets/Graphics/cfxr spikes impact dissolve ab.mat using Guid(3f0274981b7991749a3c2a25ef4ec527) Importer(815301076,1909f56bfc062723c751e8b465ee728b) (PreviewImporter) -> (artifact id: 'c216e4f4df5cdf4b755655902ca3e126') in 0.006474375 seconds
Number of updated asset objects reloaded before import = 0Number of asset objects unloaded after import = 3

========================================================================
Received Import Request.
  Time since last request: 0.000062 seconds.
  path: Assets/JMO Assets/Cartoon FX Remaster/CFXR Assets/Graphics/cfxr spikes impact dissolve.png
  artifactKey: Guid(1e72721b1694d9941876dee6ff532672) Importer(815301076,1909f56bfc062723c751e8b465ee728b)
Start importing Assets/JMO Assets/Cartoon FX Remaster/CFXR Assets/Graphics/cfxr spikes impact dissolve.png using Guid(1e72721b1694d9941876dee6ff532672) Importer(815301076,1909f56bfc062723c751e8b465ee728b) (PreviewImporter) -> (artifact id: '11358aecfc6b3db74b006a7d5e1cfac9') in 0.009971208 seconds
Number of updated asset objects reloaded before import = 0Number of asset objects unloaded after import = 2

========================================================================
Received Import Request.
  Time since last request: 0.000051 seconds.
  path: Assets/JMO Assets/Cartoon FX Remaster/CFXR Assets/Graphics/cfxr spikes impact dissolve invert ab.mat
  artifactKey: Guid(8c6442f9b7d64f94a8a76402e777f706) Importer(815301076,1909f56bfc062723c751e8b465ee728b)
Start importing Assets/JMO Assets/Cartoon FX Remaster/CFXR Assets/Graphics/cfxr spikes impact dissolve invert ab.mat using Guid(8c6442f9b7d64f94a8a76402e777f706) Importer(815301076,1909f56bfc062723c751e8b465ee728b) (PreviewImporter) -> (artifact id: '8db0b5e6be42bb8d9c780bb3e81ab146') in 0.007018333 seconds
Number of updated asset objects reloaded before import = 0Number of asset objects unloaded after import = 3

========================================================================
Received Import Request.
  Time since last request: 0.000163 seconds.
  path: Assets/JMO Assets/Cartoon FX Remaster/CFXR Assets/Graphics/cfxr spikes impact mesh.asset
  artifactKey: Guid(928806a91d0b01541aa11e36bb755ab7) Importer(815301076,1909f56bfc062723c751e8b465ee728b)
Start importing Assets/JMO Assets/Cartoon FX Remaster/CFXR Assets/Graphics/cfxr spikes impact mesh.asset using Guid(928806a91d0b01541aa11e36bb755ab7) Importer(815301076,1909f56bfc062723c751e8b465ee728b) (PreviewImporter) -> (artifact id: 'c08f6bc4c96bbf0f26c7fc1d3c093051') in 0.087240917 seconds
Number of updated asset objects reloaded before import = 0Number of asset objects unloaded after import = 2

========================================================================
Received Import Request.
  Time since last request: 2.244080 seconds.
  path: Assets/JMO Assets/Cartoon FX Remaster/CFXR Prefabs/Impacts
  artifactKey: Guid(5e6e7335e96924042b46afab21a2df71) Importer(815301076,1909f56bfc062723c751e8b465ee728b)
Start importing Assets/JMO Assets/Cartoon FX Remaster/CFXR Prefabs/Impacts using Guid(5e6e7335e96924042b46afab21a2df71) Importer(815301076,1909f56bfc062723c751e8b465ee728b) (PreviewImporter) -> (artifact id: 'ee680ed4d725805f03635322481ca936') in 0.000759084 seconds
Number of updated asset objects reloaded before import = 0Number of asset objects unloaded after import = 0

========================================================================
Received Import Request.
  Time since last request: 0.042543 seconds.
  path: Assets/JMO Assets/Cartoon FX Remaster/CFXR Prefabs/Impacts/CFXR Hit A (Red).prefab
  artifactKey: Guid(5c755f9bc5253ea418e919994537dcc7) Importer(815301076,1909f56bfc062723c751e8b465ee728b)
Start importing Assets/JMO Assets/Cartoon FX Remaster/CFXR Prefabs/Impacts/CFXR Hit A (Red).prefab using Guid(5c755f9bc5253ea418e919994537dcc7) Importer(815301076,1909f56bfc062723c751e8b465ee728b) (PreviewImporter) -> (artifact id: '18f49aceeda011689297977952996b9a') in 0.04122825 seconds
Number of updated asset objects reloaded before import = 0Number of asset objects unloaded after import = 38

========================================================================
Received Import Request.
  Time since last request: 30.261852 seconds.
  path: Assets/JMO Assets/Cartoon FX Remaster/CFXR Prefabs/Impacts/CFXR Hit A (Red).prefab
  artifactKey: Guid(5c755f9bc5253ea418e919994537dcc7) Importer(815301076,1909f56bfc062723c751e8b465ee728b)
Start importing Assets/JMO Assets/Cartoon FX Remaster/CFXR Prefabs/Impacts/CFXR Hit A (Red).prefab using Guid(5c755f9bc5253ea418e919994537dcc7) Importer(815301076,1909f56bfc062723c751e8b465ee728b) (PreviewImporter) -> (artifact id: 'bf27214c91c2c9c1241abbfa6ddbc18e') in 0.023937667 seconds
Number of updated asset objects reloaded before import = 0Number of asset objects unloaded after import = 39

========================================================================
Received Import Request.
  Time since last request: 3.599588 seconds.
  path: Assets/JMO Assets/Cartoon FX Remaster/CFXR Prefabs/Impacts/CFXR Hit A (Red).prefab
  artifactKey: Guid(5c755f9bc5253ea418e919994537dcc7) Importer(815301076,1909f56bfc062723c751e8b465ee728b)
Start importing Assets/JMO Assets/Cartoon FX Remaster/CFXR Prefabs/Impacts/CFXR Hit A (Red).prefab using Guid(5c755f9bc5253ea418e919994537dcc7) Importer(815301076,1909f56bfc062723c751e8b465ee728b) (PreviewImporter) -> (artifact id: '7b0592cae4fe3e46c74e2cf1089f671b') in 0.030746166 seconds
Number of updated asset objects reloaded before import = 0Number of asset objects unloaded after import = 40

========================================================================
Received Import Request.
  Time since last request: 40.323530 seconds.
  path: Assets/JMO Assets/Cartoon FX Remaster/CFXR Prefabs/Impacts/CFXR Hit A (Red).prefab
  artifactKey: Guid(5c755f9bc5253ea418e919994537dcc7) Importer(815301076,1909f56bfc062723c751e8b465ee728b)
Start importing Assets/JMO Assets/Cartoon FX Remaster/CFXR Prefabs/Impacts/CFXR Hit A (Red).prefab using Guid(5c755f9bc5253ea418e919994537dcc7) Importer(815301076,1909f56bfc062723c751e8b465ee728b) (PreviewImporter) -> (artifact id: '94c24b949f4ce3fad7c6da5cf8eb81e0') in 0.013739667 seconds
Number of updated asset objects reloaded before import = 0Number of asset objects unloaded after import = 40

========================================================================
Received Import Request.
  Time since last request: 37.962138 seconds.
  path: Assets/Prefabs/Enemy.prefab
  artifactKey: Guid(ad1bd8aac9f884ab68c2813791b6d42d) Importer(815301076,1909f56bfc062723c751e8b465ee728b)
Start importing Assets/Prefabs/Enemy.prefab using Guid(ad1bd8aac9f884ab68c2813791b6d42d) Importer(815301076,1909f56bfc062723c751e8b465ee728b) (PreviewImporter) -> (artifact id: '9483af4ea31690b24432c158abd899dd') in 0.148088417 seconds
Number of updated asset objects reloaded before import = 0Number of asset objects unloaded after import = 89

========================================================================
Received Prepare
Begin MonoManager ReloadAssembly
Thread 0x16d67f000 may have been prematurely finalized
- Loaded All Assemblies, in  0.521 seconds
Refreshing native plugins compatible for Editor in 0.33 ms, found 2 plugins.
Native extension for Android target not found
Native extension for OSXStandalone target not found
[Package Manager] Failed to launch server process. Reason: Unity was launched with the -noUpm command-line argument
[Package Manager] Unable to send message (not connected to server process).
[Package Manager] Cannot connect to Unity Package Manager local server
Mono: successfully reloaded assembly
- Finished resetting the current domain, in  0.790 seconds
Domain Reload Profiling: 1313ms
	BeginReloadAssembly (178ms)
		ExecutionOrderSort (0ms)
		DisableScriptedObjects (5ms)
		BackupInstance (0ms)
		ReleaseScriptingObjects (0ms)
		CreateAndSetChildDomain (59ms)
	RebuildCommonClasses (32ms)
	RebuildNativeTypeToScriptingClass (12ms)
	initialDomainReloadingComplete (22ms)
	LoadAllAssembliesAndSetupDomain (279ms)
		LoadAssemblies (223ms)
		RebuildTransferFunctionScriptingTraits (0ms)
		AnalyzeDomain (123ms)
			TypeCache.Refresh (9ms)
				TypeCache.ScanAssembly (0ms)
			BuildScriptInfoCaches (108ms)
			ResolveRequiredComponents (4ms)
	FinalizeReload (791ms)
		ReleaseScriptCaches (0ms)
		RebuildScriptCaches (0ms)
		SetupLoadedEditorAssemblies (653ms)
			LogAssemblyErrors (0ms)
			InitializePlatformSupportModulesInManaged (9ms)
			SetLoadedEditorAssemblies (3ms)
			BeforeProcessingInitializeOnLoad (100ms)
			ProcessInitializeOnLoadAttributes (506ms)
			ProcessInitializeOnLoadMethodAttributes (34ms)
			AfterProcessingInitializeOnLoad (1ms)
			EditorAssembliesLoaded (0ms)
		ExecutionOrderSort2 (0ms)
		AwakeInstancesAfterBackupRestoration (4ms)
Refreshing native plugins compatible for Editor in 0.67 ms, found 2 plugins.
Preloading 0 native plugins for Editor in 0.00 ms.
Unloading 0 Unused Serialized files (Serialized files now loaded: 0)
Unloading 3847 unused Assets / (0.9 MB). Loaded Objects now: 4400.
Memory consumption went from 95.6 MB to 94.8 MB.
Total: 8.863709 ms (FindLiveObjects: 0.428250 ms CreateObjectMapping: 0.545791 ms MarkObjects: 6.750709 ms  DeleteObjects: 1.137917 ms)

Prepare: number of updated asset objects reloaded= 0
========================================================================
Received Prepare
Begin MonoManager ReloadAssembly
Thread 0x1722df000 may have been prematurely finalized
- Loaded All Assemblies, in  0.408 seconds
Refreshing native plugins compatible for Editor in 0.30 ms, found 2 plugins.
Native extension for Android target not found
Native extension for OSXStandalone target not found
[Package Manager] Failed to launch server process. Reason: Unity was launched with the -noUpm command-line argument
[Package Manager] Unable to send message (not connected to server process).
[Package Manager] Cannot connect to Unity Package Manager local server
Mono: successfully reloaded assembly
- Finished resetting the current domain, in  0.732 seconds
Domain Reload Profiling: 1141ms
	BeginReloadAssembly (112ms)
		ExecutionOrderSort (0ms)
		DisableScriptedObjects (5ms)
		BackupInstance (0ms)
		ReleaseScriptingObjects (0ms)
		CreateAndSetChildDomain (28ms)
	RebuildCommonClasses (32ms)
	RebuildNativeTypeToScriptingClass (12ms)
	initialDomainReloadingComplete (16ms)
	LoadAllAssembliesAndSetupDomain (238ms)
		LoadAssemblies (162ms)
		RebuildTransferFunctionScriptingTraits (0ms)
		AnalyzeDomain (116ms)
			TypeCache.Refresh (8ms)
				TypeCache.ScanAssembly (0ms)
			BuildScriptInfoCaches (102ms)
			ResolveRequiredComponents (4ms)
	FinalizeReload (733ms)
		ReleaseScriptCaches (0ms)
		RebuildScriptCaches (0ms)
		SetupLoadedEditorAssemblies (618ms)
			LogAssemblyErrors (0ms)
			InitializePlatformSupportModulesInManaged (9ms)
			SetLoadedEditorAssemblies (3ms)
			BeforeProcessingInitializeOnLoad (102ms)
			ProcessInitializeOnLoadAttributes (465ms)
			ProcessInitializeOnLoadMethodAttributes (37ms)
			AfterProcessingInitializeOnLoad (1ms)
			EditorAssembliesLoaded (0ms)
		ExecutionOrderSort2 (0ms)
		AwakeInstancesAfterBackupRestoration (3ms)
Refreshing native plugins compatible for Editor in 0.50 ms, found 2 plugins.
Preloading 0 native plugins for Editor in 0.00 ms.
Unloading 0 Unused Serialized files (Serialized files now loaded: 0)
Unloading 3847 unused Assets / (0.8 MB). Loaded Objects now: 4400.
Memory consumption went from 95.6 MB to 94.9 MB.
Total: 10.532042 ms (FindLiveObjects: 0.645125 ms CreateObjectMapping: 0.276083 ms MarkObjects: 7.949000 ms  DeleteObjects: 1.660291 ms)

Prepare: number of updated asset objects reloaded= 0
========================================================================
Received Import Request.
  Time since last request: 749.936334 seconds.
  path: Assets/TextMesh Pro/Resources/Fonts & Materials/LiberationSans SDF.asset
  artifactKey: Guid(8f586378b4e144a9851e7b34d9b748ee) Importer(815301076,1909f56bfc062723c751e8b465ee728b)
Start importing Assets/TextMesh Pro/Resources/Fonts & Materials/LiberationSans SDF.asset using Guid(8f586378b4e144a9851e7b34d9b748ee) Importer(815301076,1909f56bfc062723c751e8b465ee728b) (PreviewImporter) -> (artifact id: '13151e6722a40407d7f2aea657739c64') in 0.403988375 seconds
Number of updated asset objects reloaded before import = 0Number of asset objects unloaded after import = 10

========================================================================
Received Import Request.
  Time since last request: 0.000130 seconds.
  path: Assets/TextMesh Pro/Resources/Fonts & Materials/LiberationSans SDF - Fallback.asset
  artifactKey: Guid(2e498d1c8094910479dc3e1b768306a4) Importer(815301076,1909f56bfc062723c751e8b465ee728b)
Start importing Assets/TextMesh Pro/Resources/Fonts & Materials/LiberationSans SDF - Fallback.asset using Guid(2e498d1c8094910479dc3e1b768306a4) Importer(815301076,1909f56bfc062723c751e8b465ee728b) (PreviewImporter) -> (artifact id: '5f81443a2ad29c381420214e785ce3a0') in 0.021430167 seconds
Number of updated asset objects reloaded before import = 0Number of asset objects unloaded after import = 7

========================================================================
Received Prepare
Refreshing native plugins compatible for Editor in 0.40 ms, found 2 plugins.
Preloading 0 native plugins for Editor in 0.00 ms.
Unloading 14 Unused Serialized files (Serialized files now loaded: 0)
Unloading 3854 unused Assets / (2.0 MB). Loaded Objects now: 4406.
Memory consumption went from 94.4 MB to 92.4 MB.
Total: 11.518292 ms (FindLiveObjects: 0.215583 ms CreateObjectMapping: 0.118875 ms MarkObjects: 10.216459 ms  DeleteObjects: 0.966959 ms)

Prepare: number of updated asset objects reloaded= 0
========================================================================
Received Import Request.
  Time since last request: 233.907515 seconds.
  path: Assets/Script/ScoreManager.cs
  artifactKey: Guid(9d0b82777fd084af1b1edf789ed96034) Importer(815301076,1909f56bfc062723c751e8b465ee728b)
Start importing Assets/Script/ScoreManager.cs using Guid(9d0b82777fd084af1b1edf789ed96034) Importer(815301076,1909f56bfc062723c751e8b465ee728b) (PreviewImporter) -> (artifact id: 'db9a5eef0d5c362b63bc7934eff03f2b') in 0.000704666 seconds
Number of updated asset objects reloaded before import = 0Number of asset objects unloaded after import = 0

========================================================================
Received Prepare
Begin MonoManager ReloadAssembly
Thread 0x17246b000 may have been prematurely finalized
- Loaded All Assemblies, in  0.516 seconds
Refreshing native plugins compatible for Editor in 0.30 ms, found 2 plugins.
Native extension for Android target not found
Native extension for OSXStandalone target not found
[Package Manager] Failed to launch server process. Reason: Unity was launched with the -noUpm command-line argument
[Package Manager] Unable to send message (not connected to server process).
[Package Manager] Cannot connect to Unity Package Manager local server
Mono: successfully reloaded assembly
- Finished resetting the current domain, in  0.459 seconds
Domain Reload Profiling: 976ms
	BeginReloadAssembly (156ms)
		ExecutionOrderSort (0ms)
		DisableScriptedObjects (6ms)
		BackupInstance (0ms)
		ReleaseScriptingObjects (0ms)
		CreateAndSetChildDomain (47ms)
	RebuildCommonClasses (32ms)
	RebuildNativeTypeToScriptingClass (12ms)
	initialDomainReloadingComplete (17ms)
	LoadAllAssembliesAndSetupDomain (301ms)
		LoadAssemblies (223ms)
		RebuildTransferFunctionScriptingTraits (0ms)
		AnalyzeDomain (130ms)
			TypeCache.Refresh (13ms)
				TypeCache.ScanAssembly (0ms)
			BuildScriptInfoCaches (110ms)
			ResolveRequiredComponents (4ms)
	FinalizeReload (459ms)
		ReleaseScriptCaches (0ms)
		RebuildScriptCaches (0ms)
		SetupLoadedEditorAssemblies (348ms)
			LogAssemblyErrors (0ms)
			InitializePlatformSupportModulesInManaged (8ms)
			SetLoadedEditorAssemblies (3ms)
			BeforeProcessingInitializeOnLoad (74ms)
			ProcessInitializeOnLoadAttributes (244ms)
			ProcessInitializeOnLoadMethodAttributes (18ms)
			AfterProcessingInitializeOnLoad (1ms)
			EditorAssembliesLoaded (0ms)
		ExecutionOrderSort2 (0ms)
		AwakeInstancesAfterBackupRestoration (2ms)
Refreshing native plugins compatible for Editor in 0.59 ms, found 2 plugins.
Preloading 0 native plugins for Editor in 0.00 ms.
Unloading 13 Unused Serialized files (Serialized files now loaded: 0)
Unloading 3861 unused Assets / (0.8 MB). Loaded Objects now: 4405.
Memory consumption went from 100.6 MB to 99.9 MB.
Total: 8.089667 ms (FindLiveObjects: 0.348959 ms CreateObjectMapping: 0.134083 ms MarkObjects: 6.208208 ms  DeleteObjects: 1.397625 ms)

Prepare: number of updated asset objects reloaded= 0
========================================================================
Received Prepare
Begin MonoManager ReloadAssembly
Thread 0x172603000 may have been prematurely finalized
- Loaded All Assemblies, in  0.520 seconds
Refreshing native plugins compatible for Editor in 0.41 ms, found 2 plugins.
Native extension for Android target not found
Native extension for OSXStandalone target not found
[Package Manager] Failed to launch server process. Reason: Unity was launched with the -noUpm command-line argument
[Package Manager] Unable to send message (not connected to server process).
[Package Manager] Cannot connect to Unity Package Manager local server
Mono: successfully reloaded assembly
- Finished resetting the current domain, in  0.451 seconds
Domain Reload Profiling: 973ms
	BeginReloadAssembly (160ms)
		ExecutionOrderSort (0ms)
		DisableScriptedObjects (7ms)
		BackupInstance (0ms)
		ReleaseScriptingObjects (0ms)
		CreateAndSetChildDomain (50ms)
	RebuildCommonClasses (34ms)
	RebuildNativeTypeToScriptingClass (12ms)
	initialDomainReloadingComplete (18ms)
	LoadAllAssembliesAndSetupDomain (298ms)
		LoadAssemblies (222ms)
		RebuildTransferFunctionScriptingTraits (0ms)
		AnalyzeDomain (130ms)
			TypeCache.Refresh (13ms)
				TypeCache.ScanAssembly (0ms)
			BuildScriptInfoCaches (109ms)
			ResolveRequiredComponents (4ms)
	FinalizeReload (451ms)
		ReleaseScriptCaches (0ms)
		RebuildScriptCaches (0ms)
		SetupLoadedEditorAssemblies (344ms)
			LogAssemblyErrors (0ms)
			InitializePlatformSupportModulesInManaged (8ms)
			SetLoadedEditorAssemblies (3ms)
			BeforeProcessingInitializeOnLoad (77ms)
			ProcessInitializeOnLoadAttributes (238ms)
			ProcessInitializeOnLoadMethodAttributes (18ms)
			AfterProcessingInitializeOnLoad (1ms)
			EditorAssembliesLoaded (0ms)
		ExecutionOrderSort2 (0ms)
		AwakeInstancesAfterBackupRestoration (2ms)
Refreshing native plugins compatible for Editor in 0.39 ms, found 2 plugins.
Preloading 0 native plugins for Editor in 0.00 ms.
Unloading 13 Unused Serialized files (Serialized files now loaded: 0)
Unloading 3861 unused Assets / (1.9 MB). Loaded Objects now: 4405.
Memory consumption went from 100.6 MB to 98.7 MB.
Total: 6.395166 ms (FindLiveObjects: 0.270792 ms CreateObjectMapping: 0.119500 ms MarkObjects: 4.968750 ms  DeleteObjects: 1.035709 ms)

Prepare: number of updated asset objects reloaded= 0
========================================================================
Received Prepare
Begin MonoManager ReloadAssembly
Thread 0x16d67f000 may have been prematurely finalized
- Loaded All Assemblies, in  0.518 seconds
Refreshing native plugins compatible for Editor in 0.33 ms, found 2 plugins.
Native extension for Android target not found
Native extension for OSXStandalone target not found
[Package Manager] Failed to launch server process. Reason: Unity was launched with the -noUpm command-line argument
[Package Manager] Unable to send message (not connected to server process).
[Package Manager] Cannot connect to Unity Package Manager local server
Mono: successfully reloaded assembly
- Finished resetting the current domain, in  0.457 seconds
Domain Reload Profiling: 977ms
	BeginReloadAssembly (174ms)
		ExecutionOrderSort (0ms)
		DisableScriptedObjects (7ms)
		BackupInstance (0ms)
		ReleaseScriptingObjects (0ms)
		CreateAndSetChildDomain (59ms)
	RebuildCommonClasses (32ms)
	RebuildNativeTypeToScriptingClass (12ms)
	initialDomainReloadingComplete (17ms)
	LoadAllAssembliesAndSetupDomain (284ms)
		LoadAssemblies (213ms)
		RebuildTransferFunctionScriptingTraits (0ms)
		AnalyzeDomain (124ms)
			TypeCache.Refresh (10ms)
				TypeCache.ScanAssembly (0ms)
			BuildScriptInfoCaches (106ms)
			ResolveRequiredComponents (4ms)
	FinalizeReload (457ms)
		ReleaseScriptCaches (0ms)
		RebuildScriptCaches (0ms)
		SetupLoadedEditorAssemblies (350ms)
			LogAssemblyErrors (0ms)
			InitializePlatformSupportModulesInManaged (7ms)
			SetLoadedEditorAssemblies (3ms)
			BeforeProcessingInitializeOnLoad (74ms)
			ProcessInitializeOnLoadAttributes (247ms)
			ProcessInitializeOnLoadMethodAttributes (18ms)
			AfterProcessingInitializeOnLoad (1ms)
			EditorAssembliesLoaded (0ms)
		ExecutionOrderSort2 (0ms)
		AwakeInstancesAfterBackupRestoration (2ms)
Refreshing native plugins compatible for Editor in 0.87 ms, found 2 plugins.
Preloading 0 native plugins for Editor in 0.00 ms.
Unloading 13 Unused Serialized files (Serialized files now loaded: 0)
Unloading 3861 unused Assets / (1.4 MB). Loaded Objects now: 4405.
Memory consumption went from 100.6 MB to 99.2 MB.
Total: 7.324542 ms (FindLiveObjects: 0.236584 ms CreateObjectMapping: 0.150208 ms MarkObjects: 5.862750 ms  DeleteObjects: 1.074250 ms)

Prepare: number of updated asset objects reloaded= 0
========================================================================
Received Prepare
Begin MonoManager ReloadAssembly
Thread 0x16d67f000 may have been prematurely finalized
- Loaded All Assemblies, in  0.428 seconds
Refreshing native plugins compatible for Editor in 0.55 ms, found 2 plugins.
Native extension for Android target not found
Native extension for OSXStandalone target not found
[Package Manager] Failed to launch server process. Reason: Unity was launched with the -noUpm command-line argument
[Package Manager] Unable to send message (not connected to server process).
[Package Manager] Cannot connect to Unity Package Manager local server
Mono: successfully reloaded assembly
- Finished resetting the current domain, in  0.808 seconds
Domain Reload Profiling: 1238ms
	BeginReloadAssembly (116ms)
		ExecutionOrderSort (0ms)
		DisableScriptedObjects (5ms)
		BackupInstance (0ms)
		ReleaseScriptingObjects (0ms)
		CreateAndSetChildDomain (32ms)
	RebuildCommonClasses (31ms)
	RebuildNativeTypeToScriptingClass (12ms)
	initialDomainReloadingComplete (16ms)
	LoadAllAssembliesAndSetupDomain (254ms)
		LoadAssemblies (166ms)
		RebuildTransferFunctionScriptingTraits (0ms)
		AnalyzeDomain (128ms)
			TypeCache.Refresh (7ms)
				TypeCache.ScanAssembly (0ms)
			BuildScriptInfoCaches (110ms)
			ResolveRequiredComponents (5ms)
	FinalizeReload (809ms)
		ReleaseScriptCaches (0ms)
		RebuildScriptCaches (0ms)
		SetupLoadedEditorAssemblies (661ms)
			LogAssemblyErrors (0ms)
			InitializePlatformSupportModulesInManaged (11ms)
			SetLoadedEditorAssemblies (3ms)
			BeforeProcessingInitializeOnLoad (128ms)
			ProcessInitializeOnLoadAttributes (479ms)
			ProcessInitializeOnLoadMethodAttributes (38ms)
			AfterProcessingInitializeOnLoad (1ms)
			EditorAssembliesLoaded (0ms)
		ExecutionOrderSort2 (0ms)
		AwakeInstancesAfterBackupRestoration (3ms)
Refreshing native plugins compatible for Editor in 0.73 ms, found 2 plugins.
Preloading 0 native plugins for Editor in 0.00 ms.
Unloading 13 Unused Serialized files (Serialized files now loaded: 0)
Unloading 3861 unused Assets / (1.9 MB). Loaded Objects now: 4405.
Memory consumption went from 100.6 MB to 98.7 MB.
Total: 10.284458 ms (FindLiveObjects: 0.541083 ms CreateObjectMapping: 0.200833 ms MarkObjects: 7.209500 ms  DeleteObjects: 2.331750 ms)

Prepare: number of updated asset objects reloaded= 0
========================================================================
Received Prepare
Refreshing native plugins compatible for Editor in 0.52 ms, found 2 plugins.
Preloading 0 native plugins for Editor in 0.00 ms.
Unloading 13 Unused Serialized files (Serialized files now loaded: 0)
Unloading 3854 unused Assets / (1.4 MB). Loaded Objects now: 4405.
Memory consumption went from 94.0 MB to 92.5 MB.
Total: 38.181292 ms (FindLiveObjects: 0.417125 ms CreateObjectMapping: 0.148500 ms MarkObjects: 36.205667 ms  DeleteObjects: 1.408750 ms)

Prepare: number of updated asset objects reloaded= 0
========================================================================
Received Prepare
Refreshing native plugins compatible for Editor in 0.67 ms, found 2 plugins.
Preloading 0 native plugins for Editor in 0.00 ms.
Unloading 13 Unused Serialized files (Serialized files now loaded: 0)
Unloading 3854 unused Assets / (1.1 MB). Loaded Objects now: 4405.
Memory consumption went from 93.9 MB to 92.8 MB.
Total: 26.363750 ms (FindLiveObjects: 0.460792 ms CreateObjectMapping: 0.116250 ms MarkObjects: 24.831416 ms  DeleteObjects: 0.954584 ms)

Prepare: number of updated asset objects reloaded= 0
========================================================================
Received Prepare
Begin MonoManager ReloadAssembly
Thread 0x16d8af000 may have been prematurely finalized
- Loaded All Assemblies, in  0.562 seconds
Refreshing native plugins compatible for Editor in 0.42 ms, found 2 plugins.
Native extension for Android target not found
Native extension for OSXStandalone target not found
[Package Manager] Failed to launch server process. Reason: Unity was launched with the -noUpm command-line argument
[Package Manager] Unable to send message (not connected to server process).
[Package Manager] Cannot connect to Unity Package Manager local server
Mono: successfully reloaded assembly
- Finished resetting the current domain, in  0.450 seconds
Domain Reload Profiling: 1014ms
	BeginReloadAssembly (166ms)
		ExecutionOrderSort (0ms)
		DisableScriptedObjects (7ms)
		BackupInstance (0ms)
		ReleaseScriptingObjects (0ms)
		CreateAndSetChildDomain (51ms)
	RebuildCommonClasses (31ms)
	RebuildNativeTypeToScriptingClass (12ms)
	initialDomainReloadingComplete (20ms)
	LoadAllAssembliesAndSetupDomain (334ms)
		LoadAssemblies (260ms)
		RebuildTransferFunctionScriptingTraits (0ms)
		AnalyzeDomain (132ms)
			TypeCache.Refresh (15ms)
				TypeCache.ScanAssembly (0ms)
			BuildScriptInfoCaches (110ms)
			ResolveRequiredComponents (4ms)
	FinalizeReload (451ms)
		ReleaseScriptCaches (0ms)
		RebuildScriptCaches (0ms)
		SetupLoadedEditorAssemblies (345ms)
			LogAssemblyErrors (0ms)
			InitializePlatformSupportModulesInManaged (8ms)
			SetLoadedEditorAssemblies (3ms)
			BeforeProcessingInitializeOnLoad (75ms)
			ProcessInitializeOnLoadAttributes (241ms)
			ProcessInitializeOnLoadMethodAttributes (18ms)
			AfterProcessingInitializeOnLoad (1ms)
			EditorAssembliesLoaded (0ms)
		ExecutionOrderSort2 (0ms)
		AwakeInstancesAfterBackupRestoration (2ms)
Refreshing native plugins compatible for Editor in 0.42 ms, found 2 plugins.
Preloading 0 native plugins for Editor in 0.00 ms.
Unloading 13 Unused Serialized files (Serialized files now loaded: 0)
Unloading 3861 unused Assets / (1.5 MB). Loaded Objects now: 4405.
Memory consumption went from 100.6 MB to 99.1 MB.
Total: 7.037458 ms (FindLiveObjects: 0.258709 ms CreateObjectMapping: 0.121542 ms MarkObjects: 5.388125 ms  DeleteObjects: 1.268125 ms)

Prepare: number of updated asset objects reloaded= 0
========================================================================
Received Prepare
Begin MonoManager ReloadAssembly
Thread 0x16d8af000 may have been prematurely finalized
- Loaded All Assemblies, in  0.499 seconds
Refreshing native plugins compatible for Editor in 0.56 ms, found 2 plugins.
Native extension for Android target not found
Native extension for OSXStandalone target not found
[Package Manager] Failed to launch server process. Reason: Unity was launched with the -noUpm command-line argument
[Package Manager] Unable to send message (not connected to server process).
[Package Manager] Cannot connect to Unity Package Manager local server
Mono: successfully reloaded assembly
- Finished resetting the current domain, in  0.898 seconds
Domain Reload Profiling: 1400ms
	BeginReloadAssembly (163ms)
		ExecutionOrderSort (0ms)
		DisableScriptedObjects (7ms)
		BackupInstance (0ms)
		ReleaseScriptingObjects (0ms)
		CreateAndSetChildDomain (45ms)
	RebuildCommonClasses (31ms)
	RebuildNativeTypeToScriptingClass (12ms)
	initialDomainReloadingComplete (18ms)
	LoadAllAssembliesAndSetupDomain (276ms)
		LoadAssemblies (211ms)
		RebuildTransferFunctionScriptingTraits (0ms)
		AnalyzeDomain (129ms)
			TypeCache.Refresh (9ms)
				TypeCache.ScanAssembly (0ms)
			BuildScriptInfoCaches (112ms)
			ResolveRequiredComponents (5ms)
	FinalizeReload (899ms)
		ReleaseScriptCaches (0ms)
		RebuildScriptCaches (0ms)
		SetupLoadedEditorAssemblies (684ms)
			LogAssemblyErrors (0ms)
			InitializePlatformSupportModulesInManaged (16ms)
			SetLoadedEditorAssemblies (5ms)
			BeforeProcessingInitializeOnLoad (130ms)
			ProcessInitializeOnLoadAttributes (496ms)
			ProcessInitializeOnLoadMethodAttributes (36ms)
			AfterProcessingInitializeOnLoad (2ms)
			EditorAssembliesLoaded (0ms)
		ExecutionOrderSort2 (0ms)
		AwakeInstancesAfterBackupRestoration (4ms)
Refreshing native plugins compatible for Editor in 0.67 ms, found 2 plugins.
Preloading 0 native plugins for Editor in 0.00 ms.
Unloading 13 Unused Serialized files (Serialized files now loaded: 0)
Unloading 3861 unused Assets / (1.5 MB). Loaded Objects now: 4405.
Memory consumption went from 100.6 MB to 99.1 MB.
Total: 9.382917 ms (FindLiveObjects: 0.351625 ms CreateObjectMapping: 0.160167 ms MarkObjects: 7.090458 ms  DeleteObjects: 1.779958 ms)

Prepare: number of updated asset objects reloaded= 0
========================================================================
Received Prepare
Begin MonoManager ReloadAssembly
Thread 0x16d8af000 may have been prematurely finalized
- Loaded All Assemblies, in  0.431 seconds
Refreshing native plugins compatible for Editor in 0.34 ms, found 2 plugins.
Native extension for Android target not found
Native extension for OSXStandalone target not found
[Package Manager] Failed to launch server process. Reason: Unity was launched with the -noUpm command-line argument
[Package Manager] Unable to send message (not connected to server process).
[Package Manager] Cannot connect to Unity Package Manager local server
Mono: successfully reloaded assembly
- Finished resetting the current domain, in  0.741 seconds
Domain Reload Profiling: 1174ms
	BeginReloadAssembly (112ms)
		ExecutionOrderSort (0ms)
		DisableScriptedObjects (5ms)
		BackupInstance (0ms)
		ReleaseScriptingObjects (0ms)
		CreateAndSetChildDomain (27ms)
	RebuildCommonClasses (32ms)
	RebuildNativeTypeToScriptingClass (12ms)
	initialDomainReloadingComplete (16ms)
	LoadAllAssembliesAndSetupDomain (262ms)
		LoadAssemblies (181ms)
		RebuildTransferFunctionScriptingTraits (0ms)
		AnalyzeDomain (121ms)
			TypeCache.Refresh (10ms)
				TypeCache.ScanAssembly (0ms)
			BuildScriptInfoCaches (104ms)
			ResolveRequiredComponents (4ms)
	FinalizeReload (742ms)
		ReleaseScriptCaches (0ms)
		RebuildScriptCaches (0ms)
		SetupLoadedEditorAssemblies (611ms)
			LogAssemblyErrors (0ms)
			InitializePlatformSupportModulesInManaged (9ms)
			SetLoadedEditorAssemblies (3ms)
			BeforeProcessingInitializeOnLoad (99ms)
			ProcessInitializeOnLoadAttributes (462ms)
			ProcessInitializeOnLoadMethodAttributes (36ms)
			AfterProcessingInitializeOnLoad (1ms)
			EditorAssembliesLoaded (0ms)
		ExecutionOrderSort2 (0ms)
		AwakeInstancesAfterBackupRestoration (4ms)
Refreshing native plugins compatible for Editor in 0.77 ms, found 2 plugins.
Preloading 0 native plugins for Editor in 0.00 ms.
Unloading 13 Unused Serialized files (Serialized files now loaded: 0)
Unloading 3861 unused Assets / (1.7 MB). Loaded Objects now: 4405.
Memory consumption went from 100.6 MB to 98.9 MB.
Total: 10.670375 ms (FindLiveObjects: 0.605042 ms CreateObjectMapping: 0.327541 ms MarkObjects: 7.493833 ms  DeleteObjects: 2.243125 ms)

Prepare: number of updated asset objects reloaded= 0
